Seq.   (i);Núm.;Candidato;Partido/Coligação;Votação;% Válidos
*0001;10123;JOÃO LUIZ;PRB - PRB / PSC;13.978;1,36 %
*0002;55789;HIRAM NICOLAU;PSD - PSD / PROS;12.874;1,25 %
*0003;14123;REIZO CASTELO BRANCO;PTB - PP / PTB;10.403;1,01 %
*0004;31031;WILKER BARRETO;PHS;10.207;0,99 %
*0005;11111;ÁLVARO CAMPELO;PP - PP / PTB;9.573;0,93 %
*0006;15144;MARCEL ALEXANDRE;PMDB;9.566;0,93 %
*0007;19999;FELIPE SOUZA;PTN;9.263;0,90 %
*0008;55555;GILMAR NASCIMENTO;PSD - PSD / PROS;8.734;0,85 %
*0009;90456;ROBERTO SABINO;PROS - PSD / PROS;8.728;0,85 %
*0010;45123;PLINIO VALERIO;PSDB;8.348;0,81 %
*0011;31300;PROF. JACQUELINE;PHS;8.222;0,80 %
*0012;65144;JAILDO DOS RODOVIÁRIOS;PC do B;8.011;0,78 %
*0013;20123;JOELSON SILVA;PSC - PRB / PSC;7.959;0,77 %
*0014;25123;PROFª THEREZINHA RUIZ;DEM;7.571;0,74 %
*0015;19666;MAURO TEIXEIRA;PTN;7.432;0,72 %
*0016;19144;WALLACE OLIVEIRA;PTN;6.819;0,66 %
*0017;40040;CARLOS PORTTA;PSB;6.610;0,64 %
*0018;45045;ELIAS EMANUEL;PSDB;6.397;0,62 %
*0019;19455;ROSIVALDO CORDOVIL;PTN;6.392;0,62 %
*0020;12111;DIEGO AFONSO;PDT - PDT / PSDC;6.275;0,61 %
*0021;31333;PROFESSOR SAMUEL;PHS;5.801;0,56 %
*0022;25622;EVERTON ASSIS;DEM;5.353;0,52 %
*0023;25111;RAULZINHO;DEM;5.212;0,51 %
*0024;31234;BESSA;PHS;5.167;0,50 %
*0025;40111;MARCELO SERAFIM;PSB;5.108;0,50 %
*0026;33133;CHICO PRETO;PMN - REDE / PMN;5.079;0,49 %
*0027;44123;GLÓRIA CARRATTE;PRP - PSL / PRP;5.059;0,49 %
*0028;22123;FRED MOTA;PR;4.881;0,47 %
*0029;54123;DR. EWERTON WANDERLEY;PPL;4.719;0,46 %
*0030;15555;PROF. GEDEÃO AMORIM;PMDB;4.712;0,46 %
*0031;36422;CORONEL GILVANDRO MOTA;PTC;4.014;0,39 %
*0032;27100;DR. ISAAC TAYAH;PSDC - PDT / PSDC;3.917;0,38 %
*0033;40777;ROSINALDO BUAL;PSB;3.822;0,37 %
*0034;33123;WILLIAM ABREU;PMN - REDE / PMN;3.820;0,37 %
*0035;22333;SARGENTO BENTES PAPINHA;PR;3.618;0,35 %
*0036;13418;SASSA DA CONSTRUÇÃO CIVIL;PT;3.528;0,34 %
*0037;22013;CLAUDIO PROENÇA;PR;3.488;0,34 %
*0038;43123;DAVID REIS;PV;3.479;0,34 %
*0039;43333;PROF. FRANÇOIS  (FRANSUA);PV;3.363;0,33 %
*0040;36333;MISSIONARIO ANDRE;PTC;3.277;0,32 %
*0041;22400;JOANA D'ARC PROTETORA;PR;3.261;0,32 %
0042;10456;AMAURI COLARES;PRB - PRB / PSC;7.031;0,68 %
0043;11222;RONALDO TABOSA;PP - PP / PTB;6.945;0,67 %
0044;55123;JORNADA;PSD - PSD / PROS;6.772;0,66 %
0045;55777;MITOSO;PSD - PSD / PROS;6.685;0,65 %
0046;90123;SILDOMAR ABTIBOL;PROS - PSD / PROS;6.553;0,64 %
0047;19555;ROBERTO CIDADE;PTN;6.285;0,61 %
0048;19000;DR ALONSO OLIVEIRA;PTN;5.752;0,56 %
0049;45789;DANTE;PSDB;5.700;0,55 %
0050;19234;JOÃOZINHO MIRANDA;PTN;5.266;0,51 %
0051;25325;CEARA DO SANTA ETELVINA;DEM;5.104;0,50 %
0052;11789;SOCORRO SAMPAIO;PP - PP / PTB;5.096;0,49 %
0053;90007;JAIRO DA VICAL;PROS - PSD / PROS;4.925;0,48 %
0054;19711;JUNIOR RIBEIRO;PTN;4.566;0,44 %
0055;45451;RODRIGO GUEDES;PSDB;4.356;0,42 %
0056;25444;JANUARIO ROCHA;DEM;4.251;0,41 %
0057;11123;PASTORA LUCIANA;PP - PP / PTB;4.227;0,41 %
0058;15333;DALLAS FILHO;PMDB;4.196;0,41 %
0059;25222;GUSTAVO GARCIA;DEM;4.027;0,39 %
0060;90090;ARLINDO JUNIOR;PROS - PSD / PROS;3.979;0,39 %
0061;33555;DR. DANIEL VASCONCELOS;PMN - REDE / PMN;3.814;0,37 %
0062;19900;DJ RAIDI REBELLO;PTN;3.793;0,37 %
0063;31004;ELOI ABREU;PHS;3.714;0,36 %
0064;17777;MASSAMI;PSL - PSL / PRP;3.637;0,35 %
0065;13307;PROFESSOR BIBIANO;PT;3.431;0,33 %
0066;40001;PROFESSOR ALI ASSI;PSB;3.408;0,33 %
0067;65333;VALDERLI BERNARDO;PC do B;3.384;0,33 %
0068;12347;JUNIOR RESGATE;PDT - PDT / PSDC;3.368;0,33 %
0069;31000;VILMA QUEIROZ;PHS;3.301;0,32 %
0070;36360;SERGINHO CAMARA;PTC;3.219;0,31 %
0071;22222;MIRTES SALLES;PR;3.198;0,31 %
0072;45000;ELVYS;PSDB;3.190;0,31 %
0073;22345;CAIO ANDRE;PR;3.182;0,31 %
0074;12007;MAURO ANIMALESCO;PDT - PDT / PSDC;3.165;0,31 %
0075;65222;MARCOS CAVALCANTE;PC do B;3.148;0,31 %
0076;65125;EDIVALDO BARRETO;PC do B;3.130;0,30 %
0077;33234;DR. LUCIANO MAURO;PMN - REDE / PMN;3.120;0,30 %
0078;43456;JADER PINTO;PV;3.058;0,30 %
0079;19322;LUIZ CARLOS DO BAIRRO DA PAZ;PTN;3.050;0,30 %
0080;19003;IRMÃ VANDA;PTN;3.037;0,29 %
0081;27000;DR. SERGIO MACHADO;PSDC - PDT / PSDC;3.000;0,29 %
0082;13601;WALDEMIR JOSE;PT;2.971;0,29 %
0083;40440;CONSELHEIRO JOHNNY;PSB;2.883;0,28 %
0084;31678;MARIO FROTA;PHS;2.869;0,28 %
0085;43000;DR. FRANCISCO CAMPOS;PV;2.836;0,28 %
0086;40147;MOACIR VULCÃO;PSB;2.835;0,28 %
0087;31731;DR. VITOR;PHS;2.763;0,27 %
0088;25200;SARGENTO ADAIL DA ACASOTA;DEM;2.762;0,27 %
0089;43043;EVERALDO FARIAS;PV;2.730;0,27 %
0090;10789;MÁRCIO TAVARES;PRB - PRB / PSC;2.709;0,26 %
0091;19222;WALFRAN TORRES;PTN;2.650;0,26 %
0092;15092;DR. MAURO LIPPI;PMDB;2.622;0,25 %
0093;31777;ALFREDO JACAUNA;PHS;2.607;0,25 %
0094;17123;RODINEI DO MOTOTAXI;PSL - PSL / PRP;2.578;0,25 %
0095;25000;DRA CRIS FACHINELLO;DEM;2.546;0,25 %
0096;25100;DALMIR SALAZAR;DEM;2.541;0,25 %
0097;43888;JESUS ALVES;PV;2.504;0,24 %
0098;43433;MARIVALDO;PV;2.458;0,24 %
0099;31789;HELINHO;PHS;2.368;0,23 %
0100;40240;SARGENTO PEREIRINHA;PSB;2.349;0,23 %
0101;22456;LILIANE ARAUJO;PR;2.339;0,23 %
0102;22012;JAIRO SANTOS;PR;2.334;0,23 %
0103;22122;DJ EVANDRO JUNIOR;PR;2.314;0,22 %
0104;40456;JOAQUIM LUCENA;PSB;2.313;0,22 %
0105;13113;WAGNER SANTANA;PT;2.310;0,22 %
0106;19085;NILSON CARDOSO;PTN;2.302;0,22 %
0107;25333;CHIQUINHA;DEM;2.291;0,22 %
0108;54444;ROBSON ALMEIDA - ROBINHO;PPL;2.285;0,22 %
0109;25125;PROFESSOR ARI JORGE;DEM;2.266;0,22 %
0110;36600;PROF ALESSANDRO FISIOTERAPEUTA;PTC;2.244;0,22 %
0111;31033;NONATO OLIVEIRA;PHS;2.208;0,21 %
0112;31666;SOCORRO LOPES;PHS;2.111;0,20 %
0113;12123;ANDERSON SOUZA;PDT - PDT / PSDC;2.108;0,20 %
0114;19444;MARQUINHO MAIA;PTN;2.107;0,20 %
0115;54515;MARQUINHOS DO COROADO;PPL;2.102;0,20 %
0116;12345;VITAL MELO;PDT - PDT / PSDC;2.099;0,20 %
0117;36133;PASTOR FRANK ABILIO;PTC;2.099;0,20 %
0118;19123;TETÊ - LUIS ALMIR;PTN;2.073;0,20 %
0119;65065;SOLDADO DA TORRE SGT SOUZA;PC do B;2.039;0,20 %
0120;36963;VALDIBERTO ROCHA;PTC;2.009;0,20 %
0121;45678;RONILDO SOUZA;PSDB;2.004;0,19 %
0122;22202;IRAN DAS COMUNIDADES;PR;1.988;0,19 %
0123;31100;KENNEDY MARQUES;PHS;1.986;0,19 %
0124;22000;WILTON LIRA;PR;1.971;0,19 %
0125;19111;ADSON SOUZA;PTN;1.925;0,19 %
0126;40090;HUDSON PRAIA DO CARRAPICHO;PSB;1.920;0,19 %
0127;31258;ISAAC REIS;PHS;1.912;0,19 %
0128;31190;CABO ADRIANO SOUZA;PHS;1.905;0,18 %
0129;19019;MIGUEL FALCÃO;PTN;1.903;0,18 %
0130;31444;ROGERIO AGUIAR;PHS;1.889;0,18 %
0131;12300;ANA LIVIA;PDT - PDT / PSDC;1.884;0,18 %
0132;13013;ROSI MATOS;PT;1.861;0,18 %
0133;15123;PAULO PACHECO;PMDB;1.859;0,18 %
0134;22789;JOEL BANDEIRA;PR;1.851;0,18 %
0135;15000;IVAN BRITO;PMDB;1.830;0,18 %
0136;22100;ANDRE LORENTI;PR;1.820;0,18 %
0137;54054;LAURÊNIO NETO;PPL;1.778;0,17 %
0138;40444;JAMES FIGUEIREDO;PSB;1.719;0,17 %
0139;22200;LUIZ CARLOS FREITAS;PR;1.718;0,17 %
0140;31654;TATU;PHS;1.717;0,17 %
0141;22007;PERI;PR;1.698;0,16 %
0142;43111;LUIZ COSTA;PV;1.697;0,16 %
0143;31222;WAGNO OLIVEIRA;PHS;1.686;0,16 %
0144;44456;ALESSANDRO COHEN;PRP - PSL / PRP;1.683;0,16 %
0145;22077;BETO DANTAS;PR;1.641;0,16 %
0146;40400;PROFESSOR NONATO FRANÇA;PSB;1.640;0,16 %
0147;22455;PATRICIA  SICCHAR;PR;1.606;0,16 %
0148;54333;WILLIANS CARVALHO;PPL;1.571;0,15 %
0149;40663;GLÁUCIO MENDONÇA;PSB;1.542;0,15 %
0150;25321;ENFERMEIRO MARCIO;DEM;1.538;0,15 %
0151;25112;MAJOR RIBAMAR AGUIAR;DEM;1.529;0,15 %
0152;15015;MARCELO RUBIM;PMDB;1.516;0,15 %
0153;65656;EDILON QUEIROZ;PC do B;1.512;0,15 %
0154;40332;FÁBIO FILHO DO BAIRRO;PSB;1.510;0,15 %
0155;40234;VIVALDO DA SILVA;PSB;1.505;0,15 %
0156;36091;DR. PETRONIO;PTC;1.499;0,15 %
0157;22030;ENFERMEIRO SANDRO;PR;1.455;0,14 %
0158;12144;BANANA;PDT - PDT / PSDC;1.443;0,14 %
0159;12789;REGINALDO ARAUJO;PDT - PDT / PSDC;1.435;0,14 %
0160;36010;SCHUBERT JUNIOR;PTC;1.432;0,14 %
0161;22022;FAUSTO SOUZA;PR;1.415;0,14 %
0162;33888;DR. ELMISON BEZERRA;PMN - REDE / PMN;1.415;0,14 %
0163;44010;PEDRO REIS;PRP - PSL / PRP;1.384;0,13 %
0164;22444;BRAZ SILVA;PR;1.376;0,13 %
0165;19619;MARCIO PONTES;PTN;1.367;0,13 %
0166;40190;MARCELO CRUZ;PSB;1.365;0,13 %
0167;65300;JOSIMAR GADELHA;PC do B;1.361;0,13 %
0168;17677;ARTAGNAN PORTELA;PSL - PSL / PRP;1.354;0,13 %
0169;31123;DR DENIS;PHS;1.341;0,13 %
0170;33333;SIRLAM COHEN;PMN - REDE / PMN;1.331;0,13 %
0171;40050;MARCIO FLEURY;PSB;1.324;0,13 %
0172;12456;EDILSON SANTANA;PDT - PDT / PSDC;1.323;0,13 %
0173;36767;ITAMAR;PTC;1.321;0,13 %
0174;43999;CHIQUINHO AMARAL;PV;1.319;0,13 %
0175;36123;NETTO JACARE;PTC;1.296;0,13 %
0176;25005;ANTONIO CARLOS BLACK;DEM;1.289;0,13 %
0177;13535;PROFESSOR DENIS;PT;1.284;0,12 %
0178;13313;ODENILDO SENA;PT;1.282;0,12 %
0179;31007;ANTONIO MATOS;PHS;1.279;0,12 %
0180;19535;SALAZAR BASTOS;PTN;1.279;0,12 %
0181;12112;DIEGO ANDRADE;PDT - PDT / PSDC;1.261;0,12 %
0182;13301;RONALD SEIXAS;PT;1.255;0,12 %
0183;10010;NILMAR OLIVEIRA;PRB - PRB / PSC;1.247;0,12 %
0184;12333;MAURO MOTO TAXI;PDT - PDT / PSDC;1.246;0,12 %
0185;12190;CORONEL JERRY MENEZES;PDT - PDT / PSDC;1.223;0,12 %
0186;44121;PAULO JUNIOR;PRP - PSL / PRP;1.217;0,12 %
0187;19189;CABO MARCELO AMERICO;PTN;1.216;0,12 %
0188;54000;WILER SILVA;PPL;1.205;0,12 %
0189;40102;PROFESSOR SERAPIÃO;PSB;1.198;0,12 %
0190;54111;NELSINHO DO ALVORADA;PPL;1.196;0,12 %
0191;54044;PROFESSORA JESUS;PPL;1.193;0,12 %
0192;90222;OCIMAR FERREIRA;PROS - PSD / PROS;1.179;0,11 %
0193;13622;PROF. EDMILSON LIMA;PT;1.167;0,11 %
0194;40369;LÚCIA ROCHA;PSB;1.153;0,11 %
0195;33624;JUCEM RODRIGUES;PMN - REDE / PMN;1.119;0,11 %
0196;43441;PEPÊ;PV;1.118;0,11 %
0197;31001;AMIGO MELO;PHS;1.106;0,11 %
0198;15369;ALBERTO MONTEIRO;PMDB;1.098;0,11 %
0199;65100;PROF ALMECI TALA;PC do B;1.098;0,11 %
0200;12777;MAJOR WILSON MARQUES;PDT - PDT / PSDC;1.091;0,11 %
0201;25789;BRUNO;DEM;1.090;0,11 %
0202;40555;ROBERTO CARLOS;PSB;1.075;0,10 %
0203;18111;EFRAIM COSTA;REDE - REDE / PMN;1.073;0,10 %
0204;36456;LUIZ FERNANDO;PTC;1.068;0,10 %
0205;22777;BASILIO FILHO;PR;1.061;0,10 %
0206;43010;CARLOS PRATA;PV;1.049;0,10 %
0207;31555;MIRO;PHS;1.043;0,10 %
0208;31301;ENFERMEIRA SOCORRO DUTRA;PHS;1.041;0,10 %
0209;54999;BODE CEARA;PPL;1.035;0,10 %
0210;18789;RODRIGO ARAUJO;REDE - REDE / PMN;1.023;0,10 %
0211;17671;BIEL MENDES;PSL - PSL / PRP;1.007;0,10 %
0212;13633;LUIZ BORGES;PT;1.006;0,10 %
0213;40014;DINHO;PSB;1.002;0,10 %
0214;17117;NEILO BATISTA;PSL - PSL / PRP;984;0,10 %
0215;43743;DR. EDIVALDO;PV;981;0,10 %
0216;31131;DRA. REJANE PINHEIRO;PHS;980;0,10 %
0217;40321;SAMUEL SILVA;PSB;979;0,10 %
0218;22001;SOLDADO JUCIMAR;PR;965;0,09 %
0219;40140;VASCON O HOMEM DA PA;PSB;963;0,09 %
0220;12900;JORGE CLAY;PDT - PDT / PSDC;963;0,09 %
0221;19789;RENATA RODRIGUES;PTN;963;0,09 %
0222;22144;IRMAO MARCELINO;PR;960;0,09 %
0223;65444;PROFESSOR/ADVOGADO IVO MORAIS;PC do B;957;0,09 %
0224;18888;DIEGO ALENCAR;REDE - REDE / PMN;957;0,09 %
0225;65043;RICARDO PESQUEIRA;PC do B;955;0,09 %
0226;45456;ELTON COELHO;PSDB;945;0,09 %
0227;54321;JARDEL;PPL;943;0,09 %
0228;40015;RONALDINHO;PSB;940;0,09 %
0229;65000;DORA BRASIL;PC do B;936;0,09 %
0230;36066;PROFESSOR JUAREZ AUZIER;PTC;929;0,09 %
0231;25500;KLEBER ROMAO;DEM;929;0,09 %
0232;17889;NANDO TAVARES;PSL - PSL / PRP;914;0,09 %
0233;12077;PEPETY;PDT - PDT / PSDC;911;0,09 %
0234;25825;ERICO BRAGA;DEM;909;0,09 %
0235;31671;WANDERLEY GURGEL;PHS;904;0,09 %
0236;43789;PROF DANIEL COELHO;PV;899;0,09 %
0237;31888;ANTONIO CARLOS;PHS;891;0,09 %
0238;40947;ENFERMEIRO NEY;PSB;888;0,09 %
0239;18123;JUNIOR BRASIL;REDE - REDE / PMN;879;0,09 %
0240;40000;MARCUS PESSOA;PSB;873;0,08 %
0241;44535;PARAÍBA;PRP - PSL / PRP;869;0,08 %
0242;13626;ANTONIO FONSECA;PT;869;0,08 %
0243;22213;JONATAS ALMEIDA;PR;856;0,08 %
0244;25666;LEONARDO TAMIETTI;DEM;852;0,08 %
0245;65676;CLÉCIO ARAUJO;PC do B;848;0,08 %
0246;36112;IRMAO HOZANE;PTC;848;0,08 %
0247;22016;ANA MARIA;PR;833;0,08 %
0248;33155;FABINHO DA EXPRESSOCAR;PMN - REDE / PMN;833;0,08 %
0249;43222;RUY PEDROSA;PV;831;0,08 %
0250;36060;GABRIEL HUANJO;PTC;828;0,08 %
0251;12121;MILTON XUXA;PDT - PDT / PSDC;827;0,08 %
0252;25025;JULIANO BRAGA;DEM;826;0,08 %
0253;43033;CARLOS CATATAU;PV;804;0,08 %
0254;33999;PROFESSOR NEGRÃO;PMN - REDE / PMN;801;0,08 %
0255;36444;CLAUDINHO;PTC;791;0,08 %
0256;36007;BITHY;PTC;785;0,08 %
0257;13454;PROFESSOR DELFINO;PT;776;0,08 %
0258;31451;DIQUINHO LIMA;PHS;776;0,08 %
0259;40567;MOISÉS GUSMÃO;PSB;773;0,08 %
0260;54678;PASTOR CELSO;PPL;772;0,07 %
0261;31456;PROF. MARCIO;PHS;772;0,07 %
0262;65048;WERNON  PRESLEY;PC do B;770;0,07 %
0263;31448;EUZEBIO QUEIROZ;PHS;759;0,07 %
0264;36233;PASTORA NETE CARVALHO;PTC;738;0,07 %
0265;11234;MARISSON ROGER;PP - PP / PTB;737;0,07 %
0266;36700;JORGE DO PEIXE;PTC;733;0,07 %
0267;33007;ANDRÉ CAVALCANTE;PMN - REDE / PMN;733;0,07 %
0268;25225;MARCOS SARQUIS;DEM;728;0,07 %
0269;65555;MAICK SOARES;PC do B;719;0,07 %
0270;25150;FERNANDO MARQUES;DEM;718;0,07 %
0271;27330;WELLINGTON CRUZ;PSDC - PDT / PSDC;712;0,07 %
0272;33500;PROFESSORA MARCILENI SANTOS;PMN - REDE / PMN;711;0,07 %
0273;15525;PROF. LUÍS MELO;PMDB;708;0,07 %
0274;25456;RENATO QUEIROZ;DEM;693;0,07 %
0275;43233;CESAR DANTAS;PV;691;0,07 %
0276;65666;ANTONIVALDO;PC do B;687;0,07 %
0277;19678;MARLUCE PERDIGÃO;PTN;684;0,07 %
0278;14000;NAZILDO REIS;PTB - PP / PTB;683;0,07 %
0279;22023;WILSON DO GAS;PR;678;0,07 %
0280;31331;GERSON LOPES;PHS;677;0,07 %
0281;12800;NETO DA OTICA;PDT - PDT / PSDC;676;0,07 %
0282;45333;RONEY;PSDB;670;0,07 %
0283;36190;AMORA;PTC;665;0,06 %
0284;40080;DR. CHARLES;PSB;665;0,06 %
0285;14038;VALTO DOS RODOVIARIOS;PTB - PP / PTB;663;0,06 %
0286;40789;JIVAGO ALENCAR;PSB;662;0,06 %
0287;17111;SHEILA LEITE;PSL - PSL / PRP;661;0,06 %
0288;13321;ANNE MOURA;PT;661;0,06 %
0289;25127;SAMUKA SALES;DEM;660;0,06 %
0290;17567;SERGIO DA SL O MARRETA;PSL - PSL / PRP;655;0,06 %
0291;33012;FERNANDO BARROSO;PMN - REDE / PMN;655;0,06 %
0292;25705;NEY MAUÁ;DEM;651;0,06 %
0293;22255;CELSO CORSINO;PR;649;0,06 %
0294;19017;WILLIAM LINS;PTN;647;0,06 %
0295;43444;ELIONAI BIELA;PV;641;0,06 %
0296;18008;LUIS CLAUDIO;REDE - REDE / PMN;624;0,06 %
0297;22177;NALDÃO;PR;623;0,06 %
0298;22555;GERSON SANTOS;PR;615;0,06 %
0299;19633;CARLA BIANCA;PTN;612;0,06 %
0300;20144;EDILSON MENDONÇA;PSC - PRB / PSC;610;0,06 %
0301;36612;DELZIMAR MAGALHAES;PTC;606;0,06 %
0302;27123;EDMILSON BARBOSA;PSDC - PDT / PSDC;605;0,06 %
0303;44565;CLÁUDIO DANTAS;PRP - PSL / PRP;601;0,06 %
0304;43221;FRANK CABEÇA;PV;597;0,06 %
0305;13610;SABÁ MAGALHÃES;PT;595;0,06 %
0306;22633;DR. PITA;PR;594;0,06 %
0307;20321;ANGELA FERREIRA;PSC - PRB / PSC;588;0,06 %
0308;22888;FABIO CUNHA DA GHIOTTO;PR;576;0,06 %
0309;54009;MARIA DIAS;PPL;572;0,06 %
0310;54555;JARDEL SANTOS;PPL;569;0,06 %
0311;36580;DR. ROBERT LINCOLN;PTC;569;0,06 %
0312;40092;DENISE COÊLHO;PSB;568;0,06 %
0313;25777;NORMA ARAUJO MANAZINHA;DEM;564;0,05 %
0314;36222;ENFERMEIRA MARINALVA;PTC;563;0,05 %
0315;54222;ALEXANDRE SOARES;PPL;562;0,05 %
0316;45025;APRIGIO NEVES;PSDB;560;0,05 %
0317;36987;PROFESSOR HENRY;PTC;557;0,05 %
0318;12222;BISPA GISELE ISHIKAWA;PDT - PDT / PSDC;556;0,05 %
0319;18777;PROFESSOR LUIZ CARLOS MARTINS;REDE - REDE / PMN;550;0,05 %
0320;22988;BRITO JUNIOR;PR;548;0,05 %
0321;36999;LUIZA MOURA;PTC;538;0,05 %
0322;65123;VANJA;PC do B;532;0,05 %
0323;36500;PROFESSOR SERGIO BEZERRA;PTC;532;0,05 %
0324;12555;DONA CLEONICE;PDT - PDT / PSDC;524;0,05 %
0325;25255;LIZANDRO MARINHO;DEM;522;0,05 %
0326;36200;PASTOR LUIZ ROFE;PTC;522;0,05 %
0327;18333;PEDRO NETO;REDE - REDE / PMN;521;0,05 %
0328;14555;ELCO PINHEIRO;PTB - PP / PTB;520;0,05 %
0329;31155;PIPOCA;PHS;519;0,05 %
0330;25552;SARAH FURTADO;DEM;519;0,05 %
0331;36448;AMORIM MESSIAS;PTC;517;0,05 %
0332;10147;SAMUEL NEGÃO;PRB - PRB / PSC;516;0,05 %
0333;25190;DIRETOR ADEMIR ROJAS;DEM;508;0,05 %
0334;22015;LUCIA CAMPELO;PR;508;0,05 %
0335;22153;GM ULISSES SANTOS;PR;508;0,05 %
0336;22002;MARCELO MURATORE;PR;506;0,05 %
0337;33443;FABRICIO SAMPAIO;PMN - REDE / PMN;505;0,05 %
0338;13004;GUEDES SILVA;PT;502;0,05 %
0339;33111;JOÃO JUNIOR;PMN - REDE / PMN;501;0,05 %
0340;17444;CESINHA DA AUTO ESCOLA;PSL - PSL / PRP;500;0,05 %
0341;90422;RIBAMAR BRUSMAR;PROS - PSD / PROS;496;0,05 %
0342;12124;CACIQUE KAMILA MURA;PDT - PDT / PSDC;493;0,05 %
0343;33318;NAZARE PEREIRA;PMN - REDE / PMN;492;0,05 %
0344;31235;PAULINHO GÓES;PHS;490;0,05 %
0345;19199;GILSON MEDEIROS;PTN;490;0,05 %
0346;17891;LUCIANA SICSU;PSL - PSL / PRP;490;0,05 %
0347;31800;EQUIIAS SUBRINHO;PHS;487;0,05 %
0348;45145;NILTON ARTUR;PSDB;485;0,05 %
0349;43024;JANDELSON OLIVEIRA;PV;485;0,05 %
0350;31313;ROSY SANTOS;PHS;483;0,05 %
0351;19244;CARECA;PTN;482;0,05 %
0352;43555;LUCIO CARIOCA;PV;482;0,05 %
0353;19456;TIO ADÃO;PTN;476;0,05 %
0354;33321;FERNANDO OLIVEIRA;PMN - REDE / PMN;475;0,05 %
0355;10033;ANDRÉ FARIAS;PRB - PRB / PSC;472;0,05 %
0356;44400;TC.PETER;PRP - PSL / PRP;470;0,05 %
0357;13123;BIBI;PT;470;0,05 %
0358;15147;CAFÉ;PMDB;465;0,05 %
0359;36234;RICARDO MAIA;PTC;464;0,05 %
0360;12344;CARLÃO;PDT - PDT / PSDC;462;0,04 %
0361;19333;JAILSON VIEIRA;PTN;462;0,04 %
0362;17014;SÉRGIO DUARTE;PSL - PSL / PRP;460;0,04 %
0363;22894;MARCOS ADRIANO;PR;460;0,04 %
0364;33190;CB VIANA;PMN - REDE / PMN;459;0,04 %
0365;12468;SERGINHO LEAL;PDT - PDT / PSDC;458;0,04 %
0366;22324;ARCANJO OLIVEIRA;PR;454;0,04 %
0367;12424;GERSON NETO;PDT - PDT / PSDC;453;0,04 %
0368;54666;ROBSON MATOS;PPL;452;0,04 %
0369;15340;SARGENTO TAMBORINI;PMDB;447;0,04 %
0370;36900;J EDSON;PTC;447;0,04 %
0371;17250;ROSANA SILVA;PSL - PSL / PRP;447;0,04 %
0372;25252;SOCORRO FREITAS;DEM;446;0,04 %
0373;45345;NEY CORREA;PSDB;446;0,04 %
0374;31122;PROFESSOR MARCELO PEREIRA;PHS;442;0,04 %
0375;25014;SALOMAO MARIALVA;DEM;435;0,04 %
0376;43540;DAVID PERRONE;PV;431;0,04 %
0377;11777;PASTOR TONY AGUIAR;PP - PP / PTB;427;0,04 %
0378;65001;COSMO FERNANDES;PC do B;425;0,04 %
0379;36077;FABIANA CARNEIRO;PTC;421;0,04 %
0380;40223;PROFª ÁDRIA DO PARAMAZONAS;PSB;419;0,04 %
0381;27222;APOSTOLO RUBENS;PSDC - PDT / PSDC;419;0,04 %
0382;40840;IOMAR;PSB;418;0,04 %
0383;40212;GRAÇA - ABELINHA;PSB;414;0,04 %
0384;17555;WELLINTON FERREIRA;PSL - PSL / PRP;414;0,04 %
0385;17307;HENOCH ALVES;PSL - PSL / PRP;414;0,04 %
0386;36009;GRACA SIQUEIRA;PTC;413;0,04 %
0387;19369;SILVIA CRISTAL;PTN;409;0,04 %
0388;33789;RONDINELY FONSECA;PMN - REDE / PMN;409;0,04 %
0389;55644;LÍLIAN MORAIS;PSD - PSD / PROS;404;0,04 %
0390;36555;PROFESSORA VANIA ARIADNES;PTC;404;0,04 %
0391;25755;CEIÇA DIAS;DEM;402;0,04 %
0392;15757;SOCORRO DANTAS;PMDB;401;0,04 %
0393;25910;LINCO LIMA;DEM;400;0,04 %
0394;45111;MAURICIO FERREIRA;PSDB;398;0,04 %
0395;65400;ELMO;PC do B;397;0,04 %
0396;43285;KARA DE KOMBI;PV;397;0,04 %
0397;90117;SHEILA DELGADO;PROS - PSD / PROS;393;0,04 %
0398;65456;PROFESSOR MARCUS LIBORIO;PC do B;392;0,04 %
0399;22232;MARIO PEREIRA;PR;392;0,04 %
0400;12000;RODRIGO FURTADO;PDT - PDT / PSDC;392;0,04 %
0401;54112;RETCLIS MATOS;PPL;391;0,04 %
0402;54100;FABIANO ALFAIA;PPL;389;0,04 %
0403;10234;WANDERLEI MODESTO;PRB - PRB / PSC;388;0,04 %
0404;45313;CLEO LOPES;PSDB;388;0,04 %
0405;19610;RUBEM BRASIL;PTN;387;0,04 %
0406;25555;ANETE CRUZ;DEM;385;0,04 %
0407;65010;LUCAS PINHEIRO;PC do B;385;0,04 %
0408;36144;CLEUTO DA FARINHA;PTC;384;0,04 %
0409;27789;MOISES DUTRA;PSDC - PDT / PSDC;384;0,04 %
0410;12012;RAFAEL BARROS;PDT - PDT / PSDC;384;0,04 %
0411;43169;ANTONIO MAIA;PV;383;0,04 %
0412;43067;GUARDA MUNICIPAL TORRES;PV;381;0,04 %
0413;40007;TOM AGRA;PSB;379;0,04 %
0414;54600;SIDNEY SOUZA;PPL;377;0,04 %
0415;90171;TITI;PROS - PSD / PROS;376;0,04 %
0416;15151;PROFESSOR ERIKE BRANDÃO;PMDB;376;0,04 %
0417;36237;GEDEON BEZERRA;PTC;369;0,04 %
0418;65321;PABLITO ASSUNÇÃO;PC do B;369;0,04 %
0419;25567;LICO ARAUJO;DEM;368;0,04 %
0420;15789;DR. RENATO;PMDB;365;0,04 %
0421;43656;GERRITH BATISTA;PV;363;0,04 %
0422;15111;PROFESSOR GUILHERME MORAES;PMDB;361;0,04 %
0423;22156;BIGODE DA ZONA LESTE;PR;360;0,03 %
0424;25151;ROBERTO AGUIAR;DEM;360;0,03 %
0425;45888;NONATO NATÃO;PSDB;355;0,03 %
0426;13560;SHEILA MARIA;PT;355;0,03 %
0427;65345;ANA RODRIGUES;PC do B;346;0,03 %
0428;13020;GERSON ALMEIDA;PT;346;0,03 %
0429;15321;OLIVER CASTRO;PMDB;346;0,03 %
0430;43070;GERSON RUSSO;PV;345;0,03 %
0431;45555;RITACLEY;PSDB;343;0,03 %
0432;15115;ANSELMO MATOS;PMDB;342;0,03 %
0433;13024;RAIMUNDO QUEIROZ/NEY;PT;341;0,03 %
0434;45644;ISAIAS MAIA;PSDB;340;0,03 %
0435;36711;KENIA NOBRE;PTC;335;0,03 %
0436;31431;JOATAN DA ALVORADA;PHS;334;0,03 %
0437;40852;LENE TAVARES;PSB;332;0,03 %
0438;12234;MICHELE DA MORADIA;PDT - PDT / PSDC;332;0,03 %
0439;36008;OSCAR FILHO;PTC;332;0,03 %
0440;33533;LUNIERE PERDIGÃO;PMN - REDE / PMN;331;0,03 %
0441;36121;ANDREY ARCOS;PTC;330;0,03 %
0442;22321;ROGERIO DOS ANJOS;PR;329;0,03 %
0443;12120;ANGELA SANTOS;PDT - PDT / PSDC;327;0,03 %
0444;27127;ELENILSON MENDONÇA;PSDC - PDT / PSDC;325;0,03 %
0445;90011;MANO FK;PROS - PSD / PROS;325;0,03 %
0446;45100;NEM;PSDB;325;0,03 %
0447;43009;REGINA FERNANDES;PV;324;0,03 %
0448;19100;VIGA;PTN;324;0,03 %
0449;36783;JORGE RIBEIRO;PTC;323;0,03 %
0450;27660;ARILSON FREITAS;PSDC - PDT / PSDC;323;0,03 %
0451;17190;JACÓ FERNANDES DA CACHOEIRINHA;PSL - PSL / PRP;322;0,03 %
0452;45655;AMARILDO SILVA;PSDB;319;0,03 %
0453;22556;EWERTON ALMEIDA;PR;318;0,03 %
0454;54789;PROF. RAIMUNDO SOUZA;PPL;318;0,03 %
0455;20000;FABÃO;PSC - PRB / PSC;318;0,03 %
0456;10024;RAIMUNDO BARBOSA;PRB - PRB / PSC;313;0,03 %
0457;43321;NALDO VASCONCELOS;PV;312;0,03 %
0458;40333;PALHAÇO LERO LERO;PSB;310;0,03 %
0459;20456;DR. RUGLES JUNIO;PSC - PRB / PSC;310;0,03 %
0460;54541;MARCIA ALVES;PPL;310;0,03 %
0461;27234;EVERTON MITOSO;PSDC - PDT / PSDC;309;0,03 %
0462;18222;PROFESSORA DERLEI MACEDO;REDE - REDE / PMN;308;0,03 %
0463;54542;JOSE NASCIMENTO;PPL;308;0,03 %
0464;25007;ENFª MONICA;DEM;306;0,03 %
0465;22009;CAVALETTI;PR;306;0,03 %
0466;27555;CID SOARES;PSDC - PDT / PSDC;302;0,03 %
0467;33777;ZÉ GOTINHA DA FLORESTA;PMN - REDE / PMN;302;0,03 %
0468;33456;JAIR FILHO;PMN - REDE / PMN;302;0,03 %
0469;12612;MARCIO DA PAZ;PDT - PDT / PSDC;300;0,03 %
0470;19242;PROFª NATHÁLIA;PTN;300;0,03 %
0471;55333;HELTON NOGUEIRA;PSD - PSD / PROS;300;0,03 %
0472;45455;DR. MICHAEL QUEIROZ;PSDB;299;0,03 %
0473;40376;MESTRE CLODOALDO;PSB;298;0,03 %
0474;55855;CARLOS ALBERTO;PSD - PSD / PROS;297;0,03 %
0475;90190;MARCELO MANGUEIRA;PROS - PSD / PROS;296;0,03 %
0476;54888;MARCIO SILVA;PPL;296;0,03 %
0477;55234;MARIA DO SOCORRO;PSD - PSD / PROS;294;0,03 %
0478;90999;CELSO ISAO;PROS - PSD / PROS;294;0,03 %
0479;36654;WANDERLEY SANTOS;PTC;293;0,03 %
0480;54055;GEORGE VILHENA;PPL;293;0,03 %
0481;19066;DENTHRASH;PTN;292;0,03 %
0482;27777;MARCOS SABADIN;PSDC - PDT / PSDC;292;0,03 %
0483;36636;ANTONIO LIMA;PTC;288;0,03 %
0484;45113;PASTOR INESIO;PSDB;287;0,03 %
0485;40666;OGÃ FERNANDO BARRETO;PSB;286;0,03 %
0486;22017;MARCIO FURTADO;PR;285;0,03 %
0487;25766;ILDENICE RAMOS;DEM;285;0,03 %
0488;40999;OCILENE SENA CRUZ;PSB;282;0,03 %
0489;19147;ROGÉRIO DO EDUCANDOS;PTN;281;0,03 %
0490;13550;CHICO DA CASA DA FARINHA;PT;280;0,03 %
0491;18010;LEANDRO PRESTES;REDE - REDE / PMN;280;0,03 %
0492;17455;IRMÃ ROSE;PSL - PSL / PRP;278;0,03 %
0493;22005;XAVIER;PR;276;0,03 %
0494;17007;P.A CHAVES;PSL - PSL / PRP;276;0,03 %
0495;10040;ARMANDO COSTA;PRB - PRB / PSC;276;0,03 %
0496;40345;BETO DO MORRO;PSB;274;0,03 %
0497;43134;JONAS FERNANDES;PV;272;0,03 %
0498;54644;COROADINHO MELO;PPL;268;0,03 %
0499;36004;JOANA COSTA;PTC;268;0,03 %
0500;33246;RHENNO MAGALHÃES;PMN - REDE / PMN;268;0,03 %
0501;44027;PROFESSOR FABRÍCIO;PRP - PSL / PRP;268;0,03 %
0502;10369;LAÉRCIO LIMA;PRB - PRB / PSC;267;0,03 %
0503;54201;MARINATO LIMA;PPL;267;0,03 %
0504;27277;MARCELO MONTEIRO;PSDC - PDT / PSDC;267;0,03 %
0505;54456;TIMOTEO;PPL;266;0,03 %
0506;90111;FRANCIONE;PROS - PSD / PROS;264;0,03 %
0507;27014;BAMBI DO SAMBA;PSDC - PDT / PSDC;259;0,03 %
0508;19063;RICARDO CAVALCANTI;PTN;258;0,03 %
0509;36777;LILA SILVA;PTC;258;0,03 %
0510;15852;KAMILA SERIQUE COLARES;PMDB;258;0,03 %
0511;31200;JOAO FURTADO;PHS;257;0,02 %
0512;25147;FERNANDO MAIA;DEM;257;0,02 %
0513;11171;SOCORRO LIRA;PP - PP / PTB;256;0,02 %
0514;22133;DR. GERALDO JUNIOR;PR;256;0,02 %
0515;54127;AGENOR SERRÃO;PPL;255;0,02 %
0516;11555;GABRIEL RICARDO;PP - PP / PTB;255;0,02 %
0517;25013;TATY FREITAS;DEM;254;0,02 %
0518;10116;SÉRGIO UCHÔA;PRB - PRB / PSC;252;0,02 %
0519;14222;CARLOS MORAES;PTB - PP / PTB;252;0,02 %
0520;12338;LENA GADELHA;PDT - PDT / PSDC;251;0,02 %
0521;31112;MAZINHO DO TURISMO;PHS;251;0,02 %
0522;44500;OBERLANE OLIVEIRA;PRP - PSL / PRP;250;0,02 %
0523;10007;RANGEL BATISTA;PRB - PRB / PSC;250;0,02 %
0524;12888;NISSIM FIGUEIRA;PDT - PDT / PSDC;250;0,02 %
0525;15444;JOSIVAN OLIVEIRA;PMDB;250;0,02 %
0526;15216;RAIMUNDO ASSAM;PMDB;249;0,02 %
0527;15236;KATLLEN FLORES;PMDB;248;0,02 %
0528;14333;OLIVER ALHO;PTB - PP / PTB;248;0,02 %
0529;33010;PROFESSOR JORGE LÚCIO;PMN - REDE / PMN;246;0,02 %
0530;19611;DR AMADEU;PTN;245;0,02 %
0531;27005;JOYCE AMBROZIO;PSDC - PDT / PSDC;245;0,02 %
0532;19029;VAL MELO;PTN;244;0,02 %
0533;27672;JANIO FREIRE;PSDC - PDT / PSDC;244;0,02 %
0534;13666;ARIANA MATTOS;PT;244;0,02 %
0535;17070;FRED D'ANGELO;PSL - PSL / PRP;242;0,02 %
0536;31021;TIAGO NATANAEL;PHS;242;0,02 %
0537;36111;TONICO PRADO;PTC;241;0,02 %
0538;65112;THEL MANUEL;PC do B;239;0,02 %
0539;11001;ZORAIA LEÃO;PP - PP / PTB;237;0,02 %
0540;65200;CARECA BELLO;PC do B;235;0,02 %
0541;27137;LILICO;PSDC - PDT / PSDC;234;0,02 %
0542;25678;SILVIA MOTA;DEM;234;0,02 %
0543;20222;AMAURY NETO;PSC - PRB / PSC;234;0,02 %
0544;15666;WALLACE LIMA;PMDB;234;0,02 %
0545;10013;JOSÉ BENEVIDES;PRB - PRB / PSC;233;0,02 %
0546;36620;D BAPTISTA;PTC;232;0,02 %
0547;40100;ENFERMEIRA VALERIA OLIVEIRA;PSB;232;0,02 %
0548;22150;PROF. PEDRO LIARTE;PR;232;0,02 %
0549;40614;ADEVALDO MENEZES;PSB;230;0,02 %
0550;65987;ENGENHEIRO BERG;PC do B;229;0,02 %
0551;13613;PROFETA;PT;229;0,02 %
0552;25453;PROFESSOR ANTONIO CARLOS;DEM;229;0,02 %
0553;54059;SUZY BARBOSA;PPL;228;0,02 %
0554;90016;ESPEDITO OLIVEIRA;PROS - PSD / PROS;227;0,02 %
0555;90777;DR. ALEXANDRE PINTO;PROS - PSD / PROS;226;0,02 %
0556;17603;ALDENIR;PSL - PSL / PRP;224;0,02 %
0557;17655;ADALBERTO CAVALCANTE;PSL - PSL / PRP;223;0,02 %
0558;33633;JAKERLEY;PMN - REDE / PMN;221;0,02 %
0559;33236;JUNIOR DA AJA;PMN - REDE / PMN;220;0,02 %
0560;45245;GUERREIRO;PSDB;220;0,02 %
0561;31520;AUCIMAR RODRIGUES;PHS;219;0,02 %
0562;17888;MALHEIROS JUNIOR;PSL - PSL / PRP;218;0,02 %
0563;54238;RICARDO RIBEIRO;PPL;218;0,02 %
0564;90192;OBEDE MOTA;PROS - PSD / PROS;217;0,02 %
0565;43023;DAVID SOUZA;PV;216;0,02 %
0566;43432;JOSIVALDO FERREIRA;PV;215;0,02 %
0567;33711;SEDIL GATO;PMN - REDE / PMN;214;0,02 %
0568;25400;MAGELA MONTEIRO;DEM;213;0,02 %
0569;27999;DAVI RAMOS;PSDC - PDT / PSDC;213;0,02 %
0570;36706;REBECA SANTOS;PTC;212;0,02 %
0571;13444;DEL;PT;210;0,02 %
0572;40236;LEONARDO BARROS;PSB;210;0,02 %
0573;43712;NEGO INACIO;PV;209;0,02 %
0574;10111;GLEYDSON SALES;PRB - PRB / PSC;209;0,02 %
0575;10555;NONATO SILVA F DA DONA IRACEMA;PRB - PRB / PSC;208;0,02 %
0576;55577;ADRIANA GUIMARÃES;PSD - PSD / PROS;208;0,02 %
0577;13101;ZENAIDE;PT;206;0,02 %
0578;22622;MIRA QUINTINO;PR;206;0,02 %
0579;45040;KESIO JONAS;PSDB;206;0,02 %
0580;40640;ECONOMISTA ERIVALDO LOPES;PSB;204;0,02 %
0581;13130;CASTILHO;PT;201;0,02 %
0582;13671;PROFESSOR ZÉ ROBERTO;PT;199;0,02 %
0583;43434;EMERSON RICARDO;PV;198;0,02 %
0584;13000;HAROLDO NEVES;PT;197;0,02 %
0585;19255;MARIA DANTAS;PTN;196;0,02 %
0586;15155;PROF. GARCIA;PMDB;195;0,02 %
0587;10400;IZAU BERNARDES;PRB - PRB / PSC;195;0,02 %
0588;36671;IRMAO HUDSON;PTC;194;0,02 %
0589;40677;MARCELA DE AQUINO SANGUE NOVO;PSB;193;0,02 %
0590;15565;PROFESSOR FRANCISCO MÁXIMO;PMDB;192;0,02 %
0591;36888;CARLOS MOTTA;PTC;191;0,02 %
0592;55000;PAULO MESTRINHO;PSD - PSD / PROS;187;0,02 %
0593;33112;MARQUINHO DA ENFERMAGEM;PMN - REDE / PMN;187;0,02 %
0594;15908;EDER SOUSA;PMDB;187;0,02 %
0595;22148;BERENICE ROCHA;PR;186;0,02 %
0596;10190;ALDEMIZE CASTRO;PRB - PRB / PSC;186;0,02 %
0597;43357;BRASIL;PV;183;0,02 %
0598;13611;CONCEICÃO MARTINS;PT;183;0,02 %
0599;43666;RING BOXE;PV;182;0,02 %
0600;27456;DANIEL PEREIRA;PSDC - PDT / PSDC;181;0,02 %
0601;33433;JORGE KLEIN;PMN - REDE / PMN;181;0,02 %
0602;33034;CABO LUZIVAN;PMN - REDE / PMN;181;0,02 %
0603;27050;VANDER RAFAEL;PSDC - PDT / PSDC;179;0,02 %
0604;13333;VANESSA CARDOSO;PT;179;0,02 %
0605;54190;SOLDADO MADDY ROSSETTI;PPL;178;0,02 %
0606;10422;CASSANDRO BRAGA;PRB - PRB / PSC;177;0,02 %
0607;17001;PROFESSOR;PSL - PSL / PRP;174;0,02 %
0608;17963;MIRLENE;PSL - PSL / PRP;173;0,02 %
0609;36059;FRANCISCO DE SOUSA;PTC;173;0,02 %
0610;90001;JUNIOR PADILHA;PROS - PSD / PROS;173;0,02 %
0611;10500;NEY LIMA;PRB - PRB / PSC;172;0,02 %
0612;13656;LINDEMBERG;PT;171;0,02 %
0613;43665;ARNALDO GEBER;PV;171;0,02 %
0614;65050;JOÃO TANIGUCHI;PC do B;171;0,02 %
0615;13600;CHICO CAMPOS;PT;169;0,02 %
0616;15077;ALMIR RAMOS;PMDB;169;0,02 %
0617;44777;FABIANO LOREDO;PRP - PSL / PRP;169;0,02 %
0618;20221;EDER FRANCO;PSC - PRB / PSC;168;0,02 %
0619;15222;SOCORRO DO CAFÉ;PMDB;167;0,02 %
0620;13640;ANDRIA PAULA;PT;166;0,02 %
0621;15556;ENFERMEIRA RILZABETE;PMDB;166;0,02 %
0622;20012;LICIANE FERNANDES;PSC - PRB / PSC;166;0,02 %
0623;15105;CARLOS ANDRÉ;PMDB;166;0,02 %
0624;20127;ROGERIO SERRÃO;PSC - PRB / PSC;166;0,02 %
0625;90110;ZE PEQUENO;PROS - PSD / PROS;165;0,02 %
0626;54517;PROF. MAX AGUIAR;PPL;164;0,02 %
0627;10222;CABO IZETE;PRB - PRB / PSC;164;0,02 %
0628;36002;PROFESSORA SHEILA MARIA;PTC;163;0,02 %
0629;13421;EMILIA;PT;163;0,02 %
0630;36000;PROFESSOR JOHNNY;PTC;161;0,02 %
0631;54544;TONINHO PORTO JORGE TEIXEIRA;PPL;160;0,02 %
0632;44222;NELMA SANTOS;PRP - PSL / PRP;160;0,02 %
0633;17000;FERNANDO BORGES;PSL - PSL / PRP;158;0,02 %
0634;17300;SUZI PEREIRA;PSL - PSL / PRP;157;0,02 %
0635;65725;CECILIA MOTTA;PC do B;157;0,02 %
0636;65418;ROBERTO NAZARIO;PC do B;157;0,02 %
0637;65352;PRISCILA DUARTE;PC do B;157;0,02 %
0638;40010;TEREZINHA PALHETA;PSB;155;0,02 %
0639;25131;FERNANDO DIEGO;DEM;154;0,01 %
0640;54324;CONCEICAO DOS EVENTOS;PPL;153;0,01 %
0641;15533;CRISTIANO MOTORA;PMDB;152;0,01 %
0642;25285;TIAGO DA COMPENSA;DEM;152;0,01 %
0643;40125;SABA CAVALCANTE;PSB;151;0,01 %
0644;44111;AGUINALDO MESTRE;PRP - PSL / PRP;151;0,01 %
0645;12161;KATIA MACHADO;PDT - PDT / PSDC;149;0,01 %
0646;14777;ILTON DO TAXI;PTB - PP / PTB;148;0,01 %
0647;10100;CHAGUINHA;PRB - PRB / PSC;147;0,01 %
0648;22101;DAN OLIVEIRA;PR;147;0,01 %
0649;10133;DR. ATSON BENTES;PRB - PRB / PSC;146;0,01 %
0650;22111;JEANE BRITO;PR;145;0,01 %
0651;40625;JEAN LIBORIO;PSB;144;0,01 %
0652;31740;LIVIA CLAUDIA DO YOGURTE;PHS;144;0,01 %
0653;25888;CLAROMBERTO BATISTA;DEM;143;0,01 %
0654;15007;NELSON CONSTRUTOR;PMDB;143;0,01 %
0655;44137;LEANDRO VINA;PRP - PSL / PRP;143;0,01 %
0656;17468;ANGELO ROBERTO CECILIO;PSL - PSL / PRP;143;0,01 %
0657;15234;ALVARO MAIA;PMDB;142;0,01 %
0658;45999;ELTON VASCONCELOS;PSDB;142;0,01 %
0659;33303;FABIANA;PMN - REDE / PMN;140;0,01 %
0660;31277;PROFª  ANDREIA;PHS;139;0,01 %
0661;90015;PROFESSOR JUSTO;PROS - PSD / PROS;138;0,01 %
0662;12001;ISABEL CRISTINA;PDT - PDT / PSDC;138;0,01 %
0663;13884;JORGE BRITO;PT;138;0,01 %
0664;25999;ENFERMEIRO ALCEMIR QUEIROZ;DEM;136;0,01 %
0665;22451;JOAQUIM ALENCAR;PR;135;0,01 %
0666;65187;NATI RODRIGUES;PC do B;135;0,01 %
0667;19007;PEDRINA MOITA;PTN;135;0,01 %
0668;17120;INDIA NEVES;PSL - PSL / PRP;135;0,01 %
0669;43303;ROSE ABSOLUTH;PV;134;0,01 %
0670;15181;RENATO PRETO;PMDB;134;0,01 %
0671;44113;GILBERTO HILÁRIO;PRP - PSL / PRP;133;0,01 %
0672;33666;EVERDAN ALENCAR;PMN - REDE / PMN;133;0,01 %
0673;25008;CHARLINHO;DEM;133;0,01 %
0674;22500;REGINA SICSU;PR;132;0,01 %
0675;36800;CARLISON SILVA;PTC;132;0,01 %
0676;90030;JHONY AGUIAR;PROS - PSD / PROS;132;0,01 %
0677;45222;MANOELLA CARVALHO;PSDB;132;0,01 %
0678;31500;REI DA PRAIA;PHS;132;0,01 %
0679;31999;DOM AMORIM;PHS;132;0,01 %
0680;36021;RONALDO VALERIO;PTC;131;0,01 %
0681;20001;RENAN CAVALCANTE;PSC - PRB / PSC;129;0,01 %
0682;54234;DANIEL JHON;PPL;128;0,01 %
0683;10333;JOMARA ARACI;PRB - PRB / PSC;127;0,01 %
0684;25323;NARA DAS COXINHAS;DEM;127;0,01 %
0685;65452;IVO EULER;PC do B;126;0,01 %
0686;19777;RODNEY MELO;PTN;126;0,01 %
0687;43100;ALTAIR DA CRUZ;PV;125;0,01 %
0688;36130;SOUZA;PTC;125;0,01 %
0689;18444;RACHEL TUMA;REDE - REDE / PMN;125;0,01 %
0690;25166;PROFESSORA JÔ;DEM;124;0,01 %
0691;33737;SORAIA SOARES;PMN - REDE / PMN;124;0,01 %
0692;54651;EVERALDO IZEL;PPL;123;0,01 %
0693;36036;PASTOR DENNYS SILVA;PTC;123;0,01 %
0694;13614;NEIDELANDE;PT;122;0,01 %
0695;33343;JORGE GARCIA;PMN - REDE / PMN;120;0,01 %
0696;44134;CLEUTER MENDONÇA;PRP - PSL / PRP;120;0,01 %
0697;65789;PROF MARIA GORETE DO COROADO;PC do B;119;0,01 %
0698;13500;EDI TEIXEIRA;PT;119;0,01 %
0699;44999;WANDEMBERG;PRP - PSL / PRP;118;0,01 %
0700;31953;PROFESSORA MILCIA REIS;PHS;118;0,01 %
0701;31223;SAVERTON HAGE;PHS;118;0,01 %
0702;55235;ÁTILA PADINHA;PSD - PSD / PROS;116;0,01 %
0703;54345;DR. POTENCIA;PPL;115;0,01 %
0704;10999;PROFESSOR ALEX;PRB - PRB / PSC;114;0,01 %
0705;54445;ALEXANDRE CARIOCA;PPL;113;0,01 %
0706;13300;REBECA QUEIROZ;PT;113;0,01 %
0707;55187;MIRANDA DA ZONA LESTE;PSD - PSD / PROS;112;0,01 %
0708;15099;MARLON DO ALVORADA;PMDB;112;0,01 %
0709;40717;AUREA LEITÃO;PSB;112;0,01 %
0710;54004;AUGUSTO MONTENEGRO;PPL;112;0,01 %
0711;54223;CARMÉM GUIMARÃES;PPL;112;0,01 %
0712;13167;RENATO COUTINHO;PT;111;0,01 %
0713;31142;RAIMUNDO PRESTANISTA;PHS;111;0,01 %
0714;90122;TEREZINHA DE JESUS;PROS - PSD / PROS;111;0,01 %
0715;55550;ELINE NATAL;PSD - PSD / PROS;111;0,01 %
0716;20789;ISMAEL BARÃO;PSC - PRB / PSC;110;0,01 %
0717;44127;SARGENTO IZABEL;PRP - PSL / PRP;109;0,01 %
0718;65234;BARONE;PC do B;108;0,01 %
0719;45669;FABIANA SOUZA;PSDB;108;0,01 %
0720;45633;VALDERLUCIA;PSDB;107;0,01 %
0721;11500;CABO RENATO FERREIRA;PP - PP / PTB;106;0,01 %
0722;55222;TIÃO BRITO;PSD - PSD / PROS;106;0,01 %
0723;40112;PROF. HAROLDO;PSB;105;0,01 %
0724;45622;ROSIMEIRE PINTO;PSDB;105;0,01 %
0725;65600;CLEBER HIPOLITO;PC do B;105;0,01 %
0726;27007;THIAGUINHO REAL;PSDC - PDT / PSDC;105;0,01 %
0727;43003;AURILENE GONÇALVES;PV;104;0,01 %
0728;43430;PROFESSOR BATISTA;PV;103;0,01 %
0729;54567;PROF. HUMBERTO;PPL;103;0,01 %
0730;31170;MAGNA BARRETO;PHS;102;0,01 %
0731;12444;LANE PINHEIRO;PDT - PDT / PSDC;102;0,01 %
0732;54500;PAULO FABA;PPL;102;0,01 %
0733;15177;GISCARD TINOCO;PMDB;102;0,01 %
0734;40004;SIMONE MAQUINE;PSB;102;0,01 %
0735;65030;KEULLY LEAL;PC do B;101;0,01 %
0736;65213;JULIANA BELOTA;PC do B;100;0,01 %
0737;43077;ANTONIO MENDONÇA;PV;100;0,01 %
0738;40045;CAROLINA BEZERRA;PSB;100;0,01 %
0739;45777;FERNANDO DEMASI;PSDB;99;0,01 %
0740;19233;RAY PIPOCA;PTN;98;0,01 %
0741;15120;MARLI NASCIMENTO;PMDB;98;0,01 %
0742;20500;OSEIAS MARINHO;PSC - PRB / PSC;98;0,01 %
0743;36266;DOROTHY ALMEIDA;PTC;97;0,01 %
0744;40888;PASTORA ROSANGELA MELGUEIRO;PSB;96;0,01 %
0745;45016;ALDO MENA BARRETO;PSDB;95;0,01 %
0746;15011;ANTONIO SOUZA;PMDB;94;0,01 %
0747;44192;FÁTIMA VITÓRIO;PRP - PSL / PRP;93;0,01 %
0748;25002;PAINHA;DEM;93;0,01 %
0749;43002;CLAUDIA MUCA;PV;93;0,01 %
0750;22221;MARCELO FERREIRA;PR;93;0,01 %
0751;44555;ERIC MEDEIROS;PRP - PSL / PRP;92;0,01 %
0752;90020;HUAYLLA CARVALHO;PROS - PSD / PROS;92;0,01 %
0753;44567;PROFª MELITA HIDALGO SALES;PRP - PSL / PRP;91;0,01 %
0754;45014;DIANE NOVAES;PSDB;91;0,01 %
0755;10577;IRMÃ CÉLIA;PRB - PRB / PSC;91;0,01 %
0756;44000;FABRÍCIO CAVALCANTE;PRP - PSL / PRP;90;0,01 %
0757;15654;MARIA CLENEIDE;PMDB;89;0,01 %
0758;12274;ALESSANDRO ALFAIA;PDT - PDT / PSDC;88;0,01 %
0759;55999;NILCE COSTA;PSD - PSD / PROS;88;0,01 %
0760;43343;GORDA;PV;87;0,01 %
0761;10054;CAPELÃO;PRB - PRB / PSC;87;0,01 %
0762;20333;FRANCISCO LUCIANO;PSC - PRB / PSC;87;0,01 %
0763;31233;LINDALVA DA COMPENSA;PHS;86;0,01 %
0764;54777;VALÉRIO;PPL;86;0,01 %
0765;40987;DOMINGOS SÁVIO O COTONETE;PSB;85;0,01 %
0766;10016;JEAN FERREIRA;PRB - PRB / PSC;85;0,01 %
0767;14888;PROF TOTA ARAUJO;PTB - PP / PTB;84;0,01 %
0768;10676;FABIOLO MENDONÇA;PRB - PRB / PSC;84;0,01 %
0769;17652;PROFESSOR DANIEL;PSL - PSL / PRP;84;0,01 %
0770;18000;PROFESSOR JOÃO LÚCIO;REDE - REDE / PMN;84;0,01 %
0771;45112;DIVA ANTUNES;PSDB;83;0,01 %
0772;43650;FILIPE LIRA;PV;82;0,01 %
0773;90555;ALCIONE SICSU;PROS - PSD / PROS;81;0,01 %
0774;19323;NATALI VASCONCELOS;PTN;81;0,01 %
0775;25001;MARLENE ALVES;DEM;81;0,01 %
0776;65201;RAIMUNDO MIRANDA;PC do B;80;0,01 %
0777;11112;EMERSON RODRIGUES;PP - PP / PTB;80;0,01 %
0778;33033;GRAÇA FERRAZ;PMN - REDE / PMN;79;0,01 %
0779;10060;JUDITH ROCHA;PRB - PRB / PSC;79;0,01 %
0780;43345;ALLISTER MONTEIRO;PV;78;0,01 %
0781;10064;SOCORRO DO FRETE;PRB - PRB / PSC;77;0,01 %
0782;65671;CRIS  CONSIDERADA;PC do B;77;0,01 %
0783;15578;EDMAR ALMEIDA;PMDB;77;0,01 %
0784;54193;MANUELA DIAS;PPL;76;0,01 %
0785;14025;FRANCENO RENOVADOR;PTB - PP / PTB;76;0,01 %
0786;12369;DEBORA MIRANDA;PDT - PDT / PSDC;75;0,01 %
0787;45121;FRANCISCO BENTO;PSDB;75;0,01 %
0788;45645;ELIZABETH MARTINS;PSDB;75;0,01 %
0789;19077;ARAGÃO;PTN;74;0,01 %
0790;10713;PSICÓLOGA SOCORRO LEITE;PRB - PRB / PSC;74;0,01 %
0791;13011;PATRICIA ROCHA;PT;74;0,01 %
0792;54650;ANNE OLIVEIRA;PPL;73;0,01 %
0793;10050;SÔNIA FERNANDES;PRB - PRB / PSC;72;0,01 %
0794;10772;PROFESSORA ANDRÉA;PRB - PRB / PSC;72;0,01 %
0795;22666;MAGNA TEREZA;PR;71;0,01 %
0796;17333;ROSIANE RIBEIRO;PSL - PSL / PRP;71;0,01 %
0797;25250;WALDETE;DEM;70;0,01 %
0798;45845;JULIA MELO;PSDB;69;0,01 %
0799;90888;DALILA;PROS - PSD / PROS;69;0,01 %
0800;65147;MESTRE CRISTIANO;PC do B;69;0,01 %
0801;44115;NICÁCIO;PRP - PSL / PRP;68;0,01 %
0802;15777;CÉLIA MOURA;PMDB;68;0,01 %
0803;65113;VANICINHO;PC do B;66;0,01 %
0804;15313;MANOEL BADÚ;PMDB;65;0,01 %
0805;12005;RITA DE CASSIA;PDT - PDT / PSDC;65;0,01 %
0806;44125;SOUZA DO NOVO ISRAEL;PRP - PSL / PRP;65;0,01 %
0807;90333;IMPERADOR;PROS - PSD / PROS;65;0,01 %
0808;25049;GETULIO LEONEL;DEM;64;0,01 %
0809;15136;IVAN LIRA;PMDB;64;0,01 %
0810;40963;FABRÍCIA MELO;PSB;64;0,01 %
0811;15110;JOEL DAMASCENO;PMDB;62;0,01 %
0812;43657;PINHEIRO CLEISON;PV;60;0,01 %
0813;44326;SILVIA ALMEIDA;PRP - PSL / PRP;58;0,01 %
0814;54400;TUFI SALIM;PPL;57;0,01 %
0815;65657;SANJAY DE ABREU;PC do B;54;0,01 %
0816;15357;TAYLON NINA;PMDB;54;0,01 %
0817;55145;FRANK RENNAN;PSD - PSD / PROS;53;0,01 %
0818;11010;BERNARDO CORDOVIL;PP - PP / PTB;53;0,01 %
0819;54002;ELIZABETH OLIVEIRA;PPL;52;0,01 %
0820;15670;ANDREA CAXIAS;PMDB;52;0,01 %
0821;44220;REGY BRAGA;PRP - PSL / PRP;52;0,01 %
0822;19018;PALHAÇO QUIABO;PTN;52;0,01 %
0823;19021;ROSANA;PTN;52;0,01 %
0824;33801;ANA PAULA RUBEM;PMN - REDE / PMN;51;0,01 %
0825;11200;NILTON COLARES;PP - PP / PTB;49;0,01 %
0826;33233;FABIANO MARQUES;PMN - REDE / PMN;49;0,01 %
0827;13513;DIANA SANTANA;PT;49;0,01 %
0828;13233;LINDON JOHSON;PT;48;0,01 %
0829;90021;ADENILSON COSTA;PROS - PSD / PROS;48;0,01 %
0830;90233;ADELCIMAR RODRIGUES;PROS - PSD / PROS;48;0,01 %
0831;45677;GILVAN SILVA;PSDB;47;0,01 %
0832;45699;DAIANA BRAGA;PSDB;46;0,01 %
0833;45322;JESSICA LACERDA;PSDB;46;0,01 %
0834;22318;CRIS MACHADO;PR;45;0,01 %
0835;11333;CAPITÃO CARVALHO;PP - PP / PTB;44;0,01 %
0836;13677;ANTONIO VELEZ;PT;44;0,01 %
0837;13121;LUIZ CARLOS TUBARÃO;PT;44;0,01 %
0838;19009;PROFª DELIENE GARCIA;PTN;43;0,01 %
0839;15014;CIVALDO SILVA;PMDB;43;0,01 %
0840;11271;PALHETA PALHETA;PP - PP / PTB;42;0,01 %
0841;14789;WANDERLEY GOMES;PTB - PP / PTB;42;0,01 %
0842;36040;ALDIMAR MACIEL;PTC;41;0,01 %
0843;54350;MARA BATISTA;PPL;41;0,01 %
0844;54160;SORRISO;PPL;40;0,01 %
0845;15868;SUAME COSTA;PMDB;39;0,01 %
0846;11600;CABO MARY;PP - PP / PTB;39;0,01 %
0847;19676;LUIZ LOPES;PTN;39;0,01 %
0848;45232;ANA SOARES;PSDB;39;0,01 %
0849;65024;RUAN WENDELL;PC do B;39;0,01 %
0850;33045;MARTA BRAGA;PMN - REDE / PMN;39;0,01 %
0851;33733;BURGOS;PMN - REDE / PMN;39;0,01 %
0852;15013;AGOSTINHO FRÕES;PMDB;38;0,01 %
0853;54045;PASTORA IZANIRA COSTA;PPL;37;0,01 %
0854;55709;RAMILSA DUTRA;PSD - PSD / PROS;37;0,01 %
0855;65013;RAYSA THEREZA;PC do B;37;0,01 %
0856;36536;HELEN ANDRADE;PTC;36;0,01 %
0857;10001;J. CARLOS;PRB - PRB / PSC;36;0,01 %
0858;55909;SOCORRO ROCHA;PSD - PSD / PROS;35;0,01 %
0859;20900;CABO RALCYLENE;PSC - PRB / PSC;35;0,01 %
0860;15687;KELLY ALESSANDRA;PMDB;35;0,01 %
0861;25550;PROF ROBSON MARINHO;DEM;34;0,01 %
0862;10990;IDAILSON RODRIGUES;PRB - PRB / PSC;34;0,01 %
0863;20037;DEBORA MOTTA;PSC - PRB / PSC;34;0,01 %
0864;44665;LILY PIRO;PRP - PSL / PRP;33;0,01 %
0865;44264;EDSIONEA PINHEIRO;PRP - PSL / PRP;33;0,01 %
0866;65777;PROF ELIZONEIDE AFRO INDIGINA;PC do B;32;0,01 %
0867;15552;VALDECIR;PMDB;32;0,01 %
0868;19632;CAROLINY LOPES;PTN;31;0,01 %
0869;90031;KELLEN SOBREIRA;PROS - PSD / PROS;30;0,01 %
0870;65699;BRANCA DO COROADO;PC do B;28;0,01 %
0871;65143;TELMA SILVA;PC do B;27;0,01 %
0872;19888;BETH OLIVEIRA;PTN;26;0,01 %
0873;20555;VANDER DE PAULA;PSC - PRB / PSC;26;0,01 %
0874;15247;ELIZABETH CASTRO;PMDB;25;0,01 %
0875;10640;ROGER QUARESMA;PRB - PRB / PSC;25;0,01 %
0876;22220;RENATA ALENCAR;PR;25;0,01 %
0877;44260;ISAIAS CASTRO;PRP - PSL / PRP;23;0,01 %
0878;65433;FERNANDO HENRIQUE OLHÃO;PC do B;23;0,01 %
0879;19990;DJHONNAIRA BARROS;PTN;22;0,01 %
0880;15888;EUDIMAR VELOSO;PMDB;21;0,01 %
0881;22028;DEBORAH;PR;21;0,01 %
0882;54001;KENIA GOMES;PPL;19;0,01 %
0883;10321;ELCEDIRA VIEIRA;PRB - PRB / PSC;19;0,01 %
0884;10077;MARIA UCHOA;PRB - PRB / PSC;19;0,01 %
0885;45231;PROFº GALDINO;PSDB;18;0,01 %
0886;55678;SEBASTIÃO COELHO;PSD - PSD / PROS;18;0,01 %
0887;15999;SONIA BRAZ;PMDB;18;0,01 %
0888;40651;ISABELLA TAMYS;PSB;16;0,01 %
0889;12009;DEBORA RODRIGUES;PDT - PDT / PSDC;15;0,01 %
0890;22800;JOITA QUEIROZ;PR;15;0,01 %
0891;10558;RITA RIÇA;PRB - PRB / PSC;15;0,01 %
0892;13277;SILENE BARROSO;PT;14;0,01 %
0893;12945;LIDIANY PEREIRA;PDT - PDT / PSDC;14;0,01 %
0894;36006;DANI ALVES;PTC;14;0,01 %
0895;19254;EVA RODRIGUES;PTN;13;0,01 %
0896;18555;ELIZANDRA ALVES;REDE - REDE / PMN;13;0,01 %
0897;65007;VANESSA;PC do B;13;0,01 %
0898;45788;WAINE JETLEN;PSDB;13;0,01 %
0899;36689;FRANCY;PTC;13;0,01 %
0900;44888;ELISÂNGELA SOUZA;PRP - PSL / PRP;12;0,01 %
0901;12357;EDCLEUSA VALENTE;PDT - PDT / PSDC;12;0,01 %
0902;36321;KETTLE;PTC;12;0,01 %
0903;13127;GORETH;PT;12;0,01 %
0904;13713;BARBARA MAGALHÃES;PT;12;0,01 %
0905;14600;SHEILA FROTA;PTB - PP / PTB;10;0,01 %
0906;54194;NEILA DE FATIMA;PPL;10;0,01 %
0907;19010;CLODOALDO RODRIGUES;PTN;10;0,01 %
0908;19001;LIDIA KELLY;PTN;10;0,01 %
0909;31985;INES FERNANDES;PHS;9;0,01 %
0910;54200;ROCKLANE;PPL;9;0,01 %
0911;25300;PAULINHA;DEM;9;0,01 %
0912;43036;ALICE SOUZA;PV;9;0,01 %
0913;45447;MONICA ALVES;PSDB;8;0,01 %
0914;54015;ELIANA COLARES;PPL;6;0,01 %
0915;14100;LOURDES ROCHA;PTB - PP / PTB;5;0,01 %
0916;36535;REGINA NEGREIROS;PTC;5;0,01 %
0917;31997;TATIANA SOUZA;PHS;4;0,01 %
0918;20025;MAYARA ROQUE;PSC - PRB / PSC;4;0,01 %
0919;33658;SIMONE MELO;PMN - REDE / PMN;4;0,01 %
0920;33444;BEATRIZ BEZERRA;PMN - REDE / PMN;4;0,01 %
0921;54191;MUNIRA DE SOUZA;PPL;3;0,01 %
0922;19033;DANY BORGES;PTN;3;0,01 %
0923;15150;IZABEL PINHEIRO;PMDB;3;0,01 %
0924;43013;CONCEICÃO QUEIROZ;PV;3;0,01 %
0925;15951;SELMA COUTO;PMDB;3;0,01 %
0926;43063;YASMINE BASTAS;PV;3;0,01 %
0927;43443;ERIKA CAMILA;PV;3;0,01 %
0928;65651;NELSON NOEL;PC do B;2;0,01 %
0929;36005;AUDRICLEA VIANA FROTA;PTC;2;0,01 %
0930;33913;ANA PAULA;PMN - REDE / PMN;2;0,01 %
0931;55232;LENE FREITAS;PSD - PSD / PROS;2;0,01 %
0932;45522;LENY TINOCO;PSDB;2;0,01 %
0933;43053;GISELE SILVA;PV;2;0,01 %
0934;45611;KLINGER EVANGELISTA;PSDB;2;0,01 %
0935;43777;ELANE LARA;PV;2;0,01 %
0936;12898;RUTH MASCARENHAS;PDT - PDT / PSDC;1;0,01 %
0937;44568;PERPETUA MARQUES;PRP - PSL / PRP;1;0,01 %
0938;10853;CABO CHRISTINA;PRB - PRB / PSC;1;0,01 %
0939;43007;SIMONE CRISTINA;PV;1;0,01 %
0940;65888;MIRYAM SAAD;PC do B;1;0,01 %
0941;40213;PRISCYLLA ABREU;PSB;1;0,01 %
0942;55336;KARINE MELO;PSD - PSD / PROS;1;0,01 %
0943;22588;IVANETH DA SILVA;PR;1;0,01 %
0944;54221;ELISANGELA COMPANHEIRA;PPL;1;0,01 %
0945;22379;CRIS ALVORADA;PR;1;0,01 %
0946;54195;RAFAELA MENDES;PPL;1;0,01 %
0947;33803;JANSELE COUTINHO;PMN - REDE / PMN;0;0,00 %
0948;54443;LUCIANO APURCINO;PPL;0;0,00 %
0949;22794;JANAINA DE OLIVEIRA;PR;0;0,00 %
0950;31987;SUELY MENDES;PHS;0;0,00 %
0951;43005;MARCIA MARTINS;PV;0;0,00 %
0952;40219;DILCE PINHEIRO;PSB;0;0,00 %
0953;12249;SARA JANE;PDT - PDT / PSDC;0;0,00 %
0954;40350;DENIZE GOMES;PSB;0;0,00 %
0955;43093;MICHELE SANTOS;PV;0;0,00 %
0956;31782;JOSIANE FROES;PHS;0;0,00 %
0957;12167;PATRICIA OLIVEIRA;PDT - PDT / PSDC;0;0,00 %
0958;43015;MARCIA CARVALHO;PV;0;0,00 %
0959;43370;KATIANE FEITOZA;PV;0;0,00 %
0960;23230;WANDERLEY MONTEIRO;PPS;2.784;0,27 %
0961;23510;FLAVINHO ARAUJO;PPS;2.504;0,24 %
0962;28123;LÚCIO LINS;PRTB;2.478;0,24 %
0963;35999;PROFESSOR PEDROSA;PMB;2.283;0,22 %
0964;28444;DR. EDUARDO ASSIS;PRTB;2.267;0,22 %
0965;50100;PROFESSOR JEVALDO;PSOL - PSOL / PCB;2.160;0,21 %
0966;70300;GERSON FEITOSA;PT do B;2.063;0,20 %
0967;23022;DAVI DOS FEIRANTES;PPS;1.986;0,19 %
0968;77456;JADIAEL SANTANA;SD;1.982;0,19 %
0969;77000;CHIQUINHO JUNIOR;SD;1.787;0,17 %
0970;77567;MÁRIO LÚCIO;SD;1.710;0,17 %
0971;77777;VIVIANE LIMA;SD;1.593;0,15 %
0972;50123;PROFº JONAS ARAÚJO;PSOL - PSOL / PCB;1.558;0,15 %
0973;28855;DR. EVANDRO;PRTB;1.377;0,13 %
0974;51051;CABOQUENE;PEN;1.363;0,13 %
0975;50050;JOÃO VICTOR TAYAH;PSOL - PSOL / PCB;1.321;0,13 %
0976;77077;MARIO CELIO BRANDÃO;SD;1.303;0,13 %
0977;70777;ODIRLEI ARAUJO;PT do B;1.238;0,12 %
0978;77888;ANTONIO MIRANDA;SD;1.222;0,12 %
0979;77123;PROF. RONY SIQUEIRA;SD;1.128;0,11 %
0980;23223;TONHAO SA;PPS;1.118;0,11 %
0981;77111;CARLOS DUARTE;SD;1.104;0,11 %
0982;28228;ASSIS  BARROS;PRTB;1.077;0,10 %
0983;28220;HÉLIO BRAZ;PRTB;1.016;0,10 %
0984;28190;PROFESSORA EDITH FALCAO;PRTB;1.003;0,10 %
0985;23610;ARIGO;PPS;981;0,10 %
0986;35000;CHARLES SAMPAIO;PMB;955;0,09 %
0987;28177;NEY ARAÚJO;PRTB;937;0,09 %
0988;51777;LUIZ TINHO;PEN;923;0,09 %
0989;51277;PROF. ALAN D ANGELO;PEN;880;0,09 %
0990;28131;KAROLA CALDAS;PRTB;861;0,08 %
0991;28100;LUCIANO MAQUINÉ;PRTB;855;0,08 %
0992;77606;DANIEL SERRÃO;SD;834;0,08 %
0993;23007;ABEL ALVES;PPS;815;0,08 %
0994;51111;JONES DO MUTIRAO;PEN;814;0,08 %
0995;51147;DINO DOS TAXISTAS;PEN;781;0,08 %
0996;70456;GUMA;PT do B;781;0,08 %
0997;35003;ANSELMO FERREIRA;PMB;755;0,07 %
0998;77444;FABIO SALDANHA;SD;751;0,07 %
0999;35016;JANDER NASCIMENTO;PMB;738;0,07 %
1000;35134;LORES;PMB;737;0,07 %
1001;28655;PAULO JORGE;PRTB;714;0,07 %
1002;51324;DONIZETE DA VOZ;PEN;705;0,07 %
1003;77001;ANDRE PASSOS;SD;667;0,06 %
1004;28369;MARCELO BOTELHO;PRTB;661;0,06 %
1005;28111;LEANDRO DO PAPA SOPA;PRTB;643;0,06 %
1006;51322;LAILSON PEQUENO;PEN;636;0,06 %
1007;28088;MARIO DANIEL;PRTB;634;0,06 %
1008;23623;ROSIDALVA AQUINO;PPS;627;0,06 %
1009;35333;LUIZ CARLOS;PMB;601;0,06 %
1010;70707;IRLANDES BRAGA;PT do B;598;0,06 %
1011;35245;FLÁVIO CARVALHO;PMB;591;0,06 %
1012;70070;ARMANDO PINTO;PT do B;562;0,05 %
1013;51001;PROF. RAIMUNDINHO;PEN;562;0,05 %
1014;28753;PROFESSORJMOURAO;PRTB;557;0,05 %
1015;51030;ROBINSON JUNIOR PEPPE;PEN;552;0,05 %
1016;28013;CHICO NEVES;PRTB;549;0,05 %
1017;70122;PATRICIO SANTOS;PT do B;549;0,05 %
1018;51555;CARLOS LIMA;PEN;541;0,05 %
1019;70099;CABO EDIVAN GONÇALVES;PT do B;541;0,05 %
1020;70535;GADELHA;PT do B;530;0,05 %
1021;35555;NAZARÉ MAIA;PMB;524;0,05 %
1022;28128;KÁTIA SANTOS;PRTB;518;0,05 %
1023;51624;ELINALDO PAPALEGUA DA Z. LESTE;PEN;518;0,05 %
1024;23100;HELENO GUIMARAES;PPS;512;0,05 %
1025;23444;JEFFERSON MONTEIRO;PPS;512;0,05 %
1026;23001;DÃO;PPS;508;0,05 %
1027;70123;CICERO NETO;PT do B;507;0,05 %
1028;28555;PERSÉ GARCIA;PRTB;502;0,05 %
1029;23006;PRETO TAVEIRA;PPS;498;0,05 %
1030;70567;ALDENOR LIMA;PT do B;496;0,05 %
1031;23888;APOSTOLO FIDEL SANTOS;PPS;493;0,05 %
1032;51224;CAP. CARLOS ALBERTO;PEN;492;0,05 %
1033;51222;PATRICIA POMPEU;PEN;492;0,05 %
1034;51560;PASTOR EDEN SOUZA;PEN;488;0,05 %
1035;77011;PAPITO;SD;486;0,05 %
1036;23333;GUTO RODRIGUES;PPS;475;0,05 %
1037;70700;FRANK JUNIOR RODOVIARIO;PT do B;466;0,05 %
1038;70170;DR. RUSSI VINENTE;PT do B;461;0,04 %
1039;35777;LUCIVAN DO KARATE;PMB;453;0,04 %
1040;28333;PR.NELIS PORTO;PRTB;447;0,04 %
1041;28028;VANESSA DE MORAES;PRTB;443;0,04 %
1042;23111;ZE RAIMUNDO;PPS;442;0,04 %
1043;70010;CARLINHOS DO NOVA CIDADE;PT do B;433;0,04 %
1044;35222;JUCELINO NASCIMENTO;PMB;431;0,04 %
1045;35535;JONY;PMB;426;0,04 %
1046;35369;LEANDRO FERNANDES;PMB;425;0,04 %
1047;51515;ISAIAS DO AMAZONAS;PEN;421;0,04 %
1048;70112;JEDRAEL VERISSIMO;PT do B;417;0,04 %
1049;35607;CLEBER PINHEIRO;PMB;414;0,04 %
1050;77666;RICARDO RAMOS;SD;409;0,04 %
1051;35065;CEARA DA CIDADE DE DEUS;PMB;408;0,04 %
1052;28113;LEONARDO PINHEIRO;PRTB;398;0,04 %
1053;35111;ALAIDE ARAUJO;PMB;396;0,04 %
1054;70007;DRA. HÁLLICE TEIXEIRA;PT do B;374;0,04 %
1055;35727;MARIZETE BRANDAO;PMB;369;0,04 %
1056;23190;CLAUDE DOUGLAS DO JAPIM;PPS;366;0,04 %
1057;77234;DALBERSON GUEDES;SD;360;0,03 %
1058;23123;DUNGA SANTOS;PPS;357;0,03 %
1059;23232;ANDRÉ BOTINELLY;PPS;354;0,03 %
1060;70333;FRANK RAMOS;PT do B;353;0,03 %
1061;28800;GLAUBER DO VALE;PRTB;353;0,03 %
1062;28728;RAIMUNDO DO POCO;PRTB;352;0,03 %
1063;35122;JACELMA BENIGNO;PMB;350;0,03 %
1064;70111;MAGAL;PT do B;349;0,03 %
1065;35666;ENFERMEIRO BRUNO FERNANDES;PMB;347;0,03 %
1066;28147;HEVERALDO CARVALHO;PRTB;343;0,03 %
1067;50789;BRUNO SOUZA;PSOL - PSOL / PCB;342;0,03 %
1068;77333;MARCELO COUTO;SD;342;0,03 %
1069;28316;MARLON SEABRA;PRTB;336;0,03 %
1070;23012;NENI ISDULI;PPS;334;0,03 %
1071;35447;ALEX DO SÃO JOSÉ;PMB;324;0,03 %
1072;35193;PALHAÇO BOMBOM;PMB;320;0,03 %
1073;35005;CRISTINA TAPAJÓS;PMB;318;0,03 %
1074;51123;PROF. ALCIMAR MENDONCA;PEN;317;0,03 %
1075;23000;AUREA LIMA;PPS;313;0,03 %
1076;28765;BRENO MARX;PRTB;312;0,03 %
1077;70330;APOSTOLO WILLIAMS DIAS;PT do B;311;0,03 %
1078;70022;OZZYS BURGS;PT do B;307;0,03 %
1079;70133;NEI MOREIRA;PT do B;307;0,03 %
1080;35001;FREDSON MORAES PINHEIRO;PMB;306;0,03 %
1081;77789;TEXAS LIMA;SD;305;0,03 %
1082;70888;ERIVAN CABRAL DOS RODOVIARIOS;PT do B;303;0,03 %
1083;77555;ALECY JEAN BRAGA;SD;300;0,03 %
1084;35774;MARQUINHOS SOUZA;PMB;300;0,03 %
1085;70689;PAULINHO HUSSERL;PT do B;294;0,03 %
1086;23456;JAMMES DE OLIVEIRA;PPS;289;0,03 %
1087;28246;PROFA. FRANCY;PRTB;288;0,03 %
1088;28888;JAIMAR SARAIVA;PRTB;287;0,03 %
1089;77013;GUILHERME BARBOSA;SD;285;0,03 %
1090;23777;ADILSON MONTEIRO;PPS;283;0,03 %
1091;35356;MIRO LUCENA;PMB;282;0,03 %
1092;23222;PASTOR EVERSON TORRES;PPS;277;0,03 %
1093;35033;ALEX FERREIRA;PMB;272;0,03 %
1094;51007;DANIEL SOUNIER;PEN;271;0,03 %
1095;35015;ROSSANA ROCHA;PMB;270;0,03 %
1096;77677;JEFERSON LIMA;SD;270;0,03 %
1097;35335;JUACY DOS SANTOS;PMB;269;0,03 %
1098;51234;PAULO RICARDO;PEN;269;0,03 %
1099;28456;ALEX CANTO DA MATA;PRTB;266;0,03 %
1100;23400;PROFESSOR ALBERTO LARRAT;PPS;261;0,03 %
1101;70555;TIO BENA;PT do B;256;0,02 %
1102;70000;FRANCISCA DO SOCIAL;PT do B;255;0,02 %
1103;50456;ROZANA BARBOSA;PSOL - PSOL / PCB;249;0,02 %
1104;28342;FRANK BRAGA;PRTB;249;0,02 %
1105;70733;MARIO SILVA;PT do B;244;0,02 %
1106;70001;DIDIMO CAMARÃO;PT do B;244;0,02 %
1107;51751;JEVERSON FRANCA;PEN;241;0,02 %
1108;70190;VALDO CARVALHO;PT do B;236;0,02 %
1109;77277;RAFAELA GORAYEB;SD;236;0,02 %
1110;23711;MARIO FEITOSA;PPS;234;0,02 %
1111;23227;NALDO ROBERTO;PPS;234;0,02 %
1112;50369;FRANCISCO IVO;PSOL - PSOL / PCB;231;0,02 %
1113;28234;BIN LADEN;PRTB;226;0,02 %
1114;35235;RAQUEL MACEDO;PMB;224;0,02 %
1115;51170;CACULA ROZIVALDO;PEN;224;0,02 %
1116;70223;LUCIVALDO RIBEIRO;PT do B;220;0,02 %
1117;70321;MICHELLA SANTOS;PT do B;215;0,02 %
1118;70371;WELTON NASCIMENTO;PT do B;215;0,02 %
1119;77016;DIVINA MEIRELES;SD;213;0,02 %
1120;51671;CARLINHOS BIDUZINHO;PEN;213;0,02 %
1121;35354;ENFERMEIRO WALDEMAR;PMB;209;0,02 %
1122;35133;SERGINHO LIMA;PMB;207;0,02 %
1123;70135;FABIANA BRILHANTE;PT do B;207;0,02 %
1124;23321;JORDANO DIAS;PPS;206;0,02 %
1125;23231;MATHEUS IZEL;PPS;203;0,02 %
1126;23789;ANTONIO BAIXINHO;PPS;201;0,02 %
1127;28222;PAULINA BEZERRA;PRTB;200;0,02 %
1128;35151;LÉO MENEZES;PMB;195;0,02 %
1129;23147;MARIA DO CARMO;PPS;192;0,02 %
1130;23300;EDISON LEITE;PPS;187;0,02 %
1131;23550;MICHELLY KUKAMA;PPS;186;0,02 %
1132;35380;PROFESSOR ZILDO AMORIM;PMB;185;0,02 %
1133;51014;JAIR AQUINO;PEN;181;0,02 %
1134;77231;LISNA COSTA;SD;180;0,02 %
1135;51040;WILSON SOUZA;PEN;179;0,02 %
1136;51999;MAYSA COSTA;PEN;176;0,02 %
1137;28515;FABRICIA  FIGUEIRA;PRTB;175;0,02 %
1138;77014;GILSON RODRIGUES;SD;174;0,02 %
1139;28789;FÁBIO MOTOTAXI;PRTB;173;0,02 %
1140;35055;CÉSAR MAGALHÃES;PMB;172;0,02 %
1141;50999;PAULINHO DO NOVA ESPERANÇA;PSOL - PSOL / PCB;168;0,02 %
1142;77092;COMPADRE BATISTA;SD;166;0,02 %
1143;51252;BULCAO;PEN;164;0,02 %
1144;50001;CHEFE ALCENIR;PSOL - PSOL / PCB;164;0,02 %
1145;23203;JOAO EUFRASIO;PPS;162;0,02 %
1146;51456;CEZINAY GOMES;PEN;160;0,02 %
1147;50363;JERONIMO VIEIRA;PSOL - PSOL / PCB;155;0,02 %
1148;51888;PR SERGIO ALMEIDA;PEN;154;0,01 %
1149;51685;EDMAR SOUZA;PEN;153;0,01 %
1150;70234;ALTAIR RIBEIRO;PT do B;152;0,01 %
1151;23999;MICHELLE ALEXANDRE;PPS;152;0,01 %
1152;23677;CLEO POLANIA;PPS;151;0,01 %
1153;77007;LUCIA TAVARES;SD;149;0,01 %
1154;77017;JEFFERSON CAVALCANTE;SD;149;0,01 %
1155;51006;BELO DA LOTACAO;PEN;146;0,01 %
1156;23533;ELIZETE BACELAR;PPS;146;0,01 %
1157;77680;BETO TORRES;SD;143;0,01 %
1158;28777;EDI CARLOS;PRTB;142;0,01 %
1159;77012;CIRLEY BOTELHO;SD;140;0,01 %
1160;16016;JULIÊ JOE;PSTU;139;0,01 %
1161;23200;SANDRO COARI;PPS;138;0,01 %
1162;50124;WILL OLIVEIRA;PSOL - PSOL / PCB;138;0,01 %
1163;28999;MERICA CARIOCA;PRTB;137;0,01 %
1164;28328;MARCIO RIOS;PRTB;137;0,01 %
1165;51022;SANDRO SOARES;PEN;136;0,01 %
1166;51050;BOSCO GUERREIRO;PEN;134;0,01 %
1167;28914;ADRIANA SOUZA;PRTB;134;0,01 %
1168;51334;OSWALDO CESAR;PEN;129;0,01 %
1169;28321;REYNALDO TRIBUZY;PRTB;128;0,01 %
1170;50307;RAULISSINHO DO ARROCHA;PSOL - PSOL / PCB;125;0,01 %
1171;35888;ARTUR SILVA;PMB;124;0,01 %
1172;23320;JOSUE LIRA;PPS;124;0,01 %
1173;50276;PERPÉTUA TSUNI KUKAMA;PSOL - PSOL / PCB;122;0,01 %
1174;35789;PROFESSORA IRLANDA;PMB;121;0,01 %
1175;50505;ROBERTO DOS SANTOS;PSOL - PSOL / PCB;117;0,01 %
1176;23708;PAIXAO;PPS;116;0,01 %
1177;51228;MELQUI LOPES;PEN;116;0,01 %
1178;35236;WILASSE BATATA;PMB;112;0,01 %
1179;35331;WENDEL ESTEVAM;PMB;110;0,01 %
1180;23454;GUTERMANN O GUGU;PPS;109;0,01 %
1181;16216;MARIA AUXILIADORA;PSTU;109;0,01 %
1182;28007;RUBEM FIGUEREIDO;PRTB;108;0,01 %
1183;35190;SARGENTO FÉLIX;PMB;108;0,01 %
1184;35444;TADEU COLARES;PMB;107;0,01 %
1185;51229;JAIRO XAVIER;PEN;106;0,01 %
1186;50224;WALDEMIR (QUINHO);PSOL - PSOL / PCB;104;0,01 %
1187;70071;DINHO TORNEIRO;PT do B;101;0,01 %
1188;35221;VIGILANTE LIRA;PMB;101;0,01 %
1189;50305;RONI NASCIMENTO;PSOL - PSOL / PCB;100;0,01 %
1190;35018;CELINI SANTOS;PMB;99;0,01 %
1191;51533;ADEBALDO NASCIMENTO;PEN;98;0,01 %
1192;23443;HUDSON RODRIGUES;PPS;98;0,01 %
1193;35355;NATY VEIGA;PMB;97;0,01 %
1194;23015;NEIDINHA DOS CONTEINERS;PPS;96;0,01 %
1195;70100;JUNIO SILVA;PT do B;96;0,01 %
1196;51558;TIRZA MENEZES;PEN;95;0,01 %
1197;51000;ALDAIR CUNHA;PEN;91;0,01 %
1198;70897;INGRID LOREN;PT do B;90;0,01 %
1199;23787;ANDRE BABILONIA;PPS;89;0,01 %
1200;35706;MARCIO GLAYSON;PMB;89;0,01 %
1201;35123;CARLA SILVA;PMB;89;0,01 %
1202;23455;PROFESSOR JOGENI;PPS;88;0,01 %
1203;70221;HIERMESSON SANTOS;PT do B;87;0,01 %
1204;70500;JOSIAN BARROS;PT do B;86;0,01 %
1205;35017;ELIONORA INFANTE;PMB;84;0,01 %
1206;70422;JOSE RAYMISON;PT do B;84;0,01 %
1207;35035;JORGE BRAGA;PMB;83;0,01 %
1208;50330;PAULO PANTOJA;PSOL - PSOL / PCB;81;0,01 %
1209;70666;ANDRE DA ASVAM;PT do B;78;0,01 %
1210;51099;PAULINHO DO BOXE;PEN;77;0,01 %
1211;51110;HELEN BELEM;PEN;72;0,01 %
1212;50777;MARTA DE PAULA;PSOL - PSOL / PCB;71;0,01 %
1213;50500;FRANK NELSON;PSOL - PSOL / PCB;69;0,01 %
1214;35131;FRANCISCO CRUZ;PMB;68;0,01 %
1215;35786;BIGODE DOS RODOVIARIOS;PMB;67;0,01 %
1216;35255;ADALGIZA NUNES;PMB;67;0,01 %
1217;50065;SILVANA VIEIRA;PSOL - PSOL / PCB;66;0,01 %
1218;23003;MIRLA FERNANDES;PPS;64;0,01 %
1219;51551;ENFERMEIRO INVENTOR FRAGATA;PEN;61;0,01 %
1220;35008;ENFERMEIRA MARIA DIAS;PMB;60;0,01 %
1221;50222;RONNY REIS;PSOL - PSOL / PCB;59;0,01 %
1222;70044;SARGENTO AMARO;PT do B;58;0,01 %
1223;51500;MARIA GUADALUPE;PEN;57;0,01 %
1224;35009;ASSAD;PMB;56;0,01 %
1225;28759;DALIANE CRISTINA;PRTB;53;0,01 %
1226;23449;JOZIVAN NOGUEIRA;PPS;52;0,01 %
1227;51008;RAIMUNDO SANTOS;PEN;51;0,01 %
1228;35135;JAY SILVA;PMB;47;0,01 %
1229;35014;VANILSON BERNARDO;PMB;46;0,01 %
1230;70311;ERANDIR JUNIOR;PT do B;46;0,01 %
1231;35456;JULIO GOMES;PMB;41;0,01 %
1232;70191;REGIANE SILVA;PT do B;41;0,01 %
1233;21000;DR. CASTELO;PCB - PSOL / PCB;40;0,01 %
1234;28862;RAQUEL BARBOSA;PRTB;40;0,01 %
1235;28963;INES LOPES;PRTB;39;0,01 %
1236;50315;CARLOS ANDRÉ COSTA;PSOL - PSOL / PCB;39;0,01 %
1237;50111;FLAVIO RODRIGO;PSOL - PSOL / PCB;38;0,01 %
1238;50007;FERNANDO THOMAZ;PSOL - PSOL / PCB;38;0,01 %
1239;51061;RONALDO CHUMBO GROSSO;PEN;37;0,01 %
1240;35572;DEBORA GUIA;PMB;35;0,01 %
1241;50150;FABRICIA SIMAS;PSOL - PSOL / PCB;35;0,01 %
1242;50161;BOMBEIRO NIELSON CASTRO;PSOL - PSOL / PCB;34;0,01 %
1243;21123;RAQUEL SOARES;PCB - PSOL / PCB;34;0,01 %
1244;50800;PAMELA FERREIRA;PSOL - PSOL / PCB;33;0,01 %
1245;35244;MARIBEL MEDINA;PMB;32;0,01 %
1246;50459;CONCEIÇÃO XIMENES;PSOL - PSOL / PCB;32;0,01 %
1247;28741;FERNANDA SOUZA;PRTB;32;0,01 %
1248;70027;ELISETE BUENO;PT do B;29;0,01 %
1249;35252;ANDRÉ SANTOS;PMB;29;0,01 %
1250;50711;MARCOS LIMA;PSOL - PSOL / PCB;27;0,01 %
1251;51445;WANESSA GOMES;PEN;27;0,01 %
1252;50092;HILDA FOTÓGRAFA;PSOL - PSOL / PCB;22;0,01 %
1253;16116;JULIO CALAZANZ;PSTU;16;0,01 %
1254;50937;MARCIA MAMEDE;PSOL - PSOL / PCB;14;0,01 %
1255;28000;ANAMOR DE FREITAS;PRTB;14;0,01 %
1256;23923;SILVIA DA COMPENSA;PPS;11;0,01 %
1257;51889;ZILEINA ABREU;PEN;10;0,01 %
1258;35007;LAMBERTH;PMB;8;0,01 %
1259;50199;BINHO PARANÁ;PSOL - PSOL / PCB;8;0,01 %
1260;70144;ENFERMEIRO ROMULO;PT do B;8;0,01 %
1261;28122;CHICO MOURA;PRTB;7;0,01 %
1262;70759;ADMA SILVA;PT do B;7;0,01 %
1263;70225;JESSICA AUGUSTA;PT do B;7;0,01 %
1264;51002;ADRIANA ABREU;PEN;5;0,01 %
1265;70222;KATIANE SIGUINS;PT do B;4;0,01 %
1266;35433;ADRIANA SILVA;PMB;4;0,01 %
1267;35422;KETLEN SIMOES;PMB;4;0,01 %
1268;50198;KLEBER GARCIA;PSOL - PSOL / PCB;3;0,01 %
1269;50121;HEARLEN MOREIRA;PSOL - PSOL / PCB;3;0,01 %
1270;50662;EMILIA COUTO;PSOL - PSOL / PCB;3;0,01 %
1271;77861;ALINE RAMOS;SD;2;0,01 %
1272;50070;LEANDRA RIBEIRO;PSOL - PSOL / PCB;1;0,01 %
1273;70033;IRMA GLEIVA;PT do B;1;0,01 %
1274;23019;DAYSE KELLY;PPS;1;0,01 %
1275;51447;MARIA DAS GRACAS;PEN;1;0,01 %
1276;51885;ELLEN MENDONCA;PEN;1;0,01 %
#1277;21111;LUIZ NAVARRO;PCB - PSOL / PCB;0;0,00 %
#1278;23555;PEREIRA;PPS;0;0,00 %
#1279;13234;MILTON SOARES;PT;0;0,00 %
#1280;40300;PROFª. SOLANGE QUEIROZ;PSB;0;0,00 %
#1281;14444;OLIMPIO CARNEIRO;PTB - PP / PTB;0;0,00 %
#1282;31111;PAULO FALCAO;PHS;0;0,00 %
#1283;33174;ISMAEL OLIVEIRA;PMN - REDE / PMN;0;0,00 %
#1284;90013;ENFERMEIRA EDILENE KOKAMA;PROS - PSD / PROS;0;0,00 %
#1285;18018;BIA PAUSE ENFERMEIRA;REDE - REDE / PMN;0;0,00 %
#1286;15255;RAQUEL AMARAL;PMDB;0;0,00 %
#1287;44450;RODRIGUES ALVES;PRP - PSL / PRP;0;0,00 %
#1288;13131;CRISTIANE SALES;PT;0;0,00 %
1289;50852;MARGÔ ALMEIDA;PSOL - PSOL / PCB;0;0,00 %
#1290;11713;IRMÃO ALCIMAR;PP - PP / PTB;0;0,00 %
#1291;13621;JOSE GOMES FERNANDES;PT;0;0,00 %
1292;23021;CLEIA MENDES;PPS;0;0,00 %
#1293;40003;PROFESSOR ANISIO FELIPE;PSB;0;0,00 %
#1294;13555;PROFESSOR WALACE;PT;0;0,00 %
#1295;40222;CAIO SILVA;PSB;0;0,00 %
#1296;31455;SOL DE JESUS;PHS;0;0,00 %
#1297;13455;CAQUINHO;PT;0;0,00 %
#1298;40070;MILTINHO;PSB;0;0,00 %
#1299;31441;CHARLES HOLANDA;PHS;0;0,00 %
#1300;10335;EDILSON VERAS;PRB - PRB / PSC;0;0,00 %
#1301;20777;R. SOARES;PSC - PRB / PSC;0;0,00 %
#1302;70999;CRISTINA PAIVA;PT do B;0;0,00 %
#1303;23124;PERNINHA DO GÁS;PPS;0;0,00 %
#1304;13456;JUNIOR PEDROSA;PT;0;0,00 %
#1305;23023;WILLIAM CARVALHO;PPS;0;0,00 %
#1306;31311;PAI AMADO;PHS;0;0,00 %
#1307;23233;MOISES NERIS;PPS;0;0,00 %
#1308;13118;FABIOLA MARQUES;PT;0;0,00 %
#1309;31996;REBECA HIARATA;PHS;0;0,00 %
#1310;13016;PROFESSOR PAULO SILOÉ;PT;0;0,00 %
#1311;23016;PRISCILA SOUZA;PPS;0;0,00 %
#1312;23723;MANOEL ALMEIDA;PPS;0;0,00 %
#1313;50012;PHABLO DANTAS;PSOL - PSOL / PCB;0;0,00 %
#1314;23823;EULLEM NATHANIA;PPS;0;0,00 %
#1315;23423;BRUNA BATISTA;PPS;0;0,00 %
#1316;13033;GABRIEL SILVA;PT;0;0,00 %
#1317;50555;BIANCA STEFANNY;PSOL - PSOL / PCB;0;0,00 %
1318;51025;MARIA SIMOES;PEN;0;0,00 %
1319;70882;ARTHEMIS CRISTINA;PT do B;0;0,00 %
1320;28896;TAIS ARRUDA;PRTB;0;0,00 %
1321;35455;MARCIA MENDONÇA;PMB;0;0,00 %
1322;70148;DAMIAO RIBEIRO;PT do B;0;0,00 %
1323;51336;ERLENE FERREIRA;PEN;0;0,00 %
1324;28987;TAYNÁ SIMPSON;PRTB;0;0,00 %
1325;35411;BRUNA OLIVEIRA;PMB;0;0,00 %
1326;51779;SILVANA SIMOES PEREIRA;PEN;0;0,00 %
1327;70332;DIANA CARVALHO;PT do B;0;0,00 %
1328;51010;JOANILDA DIAS;PEN;0;0,00 %
1329;70239;MILENA DA SILVA;PT do B;0;0,00 %
1330;51559;LUIZA TOME;PEN;0;0,00 %
